Transaction ID,MTCN,Sender Name,Receiver Name,PEP Related,Sender Currency,Receiver Currency,KYC Status,Transaction Type,Amount,Channel,Risk Rating,Timestamp,Sender Age,Sender Country,Receiver Country,Customer Address
TXN1000001,95822412.0,Patricia Smith, fatima rodriguez   ,No,GBP,BRL,KYC,Outer-transaction,3497.59,Agent Network,Low,2020-07-25 22:28,69,France,Brazil,"5241 Cedar Ln, Dubai"
TXN1000002,31429110.0,Elena Wilson,Richard Rodriguez,No,CAD,EUR,,outer-transaction,8048.06,ATM,Low,2026-01-07 16:31,32,Germany,South Africa,"2808 Main St, Toronto"
TXN1000003,20709497.0,Zayn Davis,Zayn Brown,No,SGD,ZAR,,EXTERNAL,1080.32,Web Portal,Medium,2020-06-13 06:29,78,Germany,Brazil,"3373 Pine Rd, London"
TXN1000004,17507864.0,Elizabeth Khan,Mary Silva,No,AED,EUR,Unverified,EXTERNAL,6888.19,Branch Counter,Medium,2025-06-21 13:43,38,India,UK,"8812 Main St, Toronto"
TXN1000005,28566572.0,  CHARLES THOMAS ,Robert Dubois,No,EUR,GBP,Unverified,INTERNAL,3778.7,Agent Network,Low,2025-09-15 16:31,41,Australia,France,"3651 Oak Ave, Dubai"
TXN1000006,45351479.0,Charles Dubois,Linda Taylor,0,ZAR,AED,Pending,Inter-transaction,8988.18,ATM,Low,2020-11-28 13:05,20,South Africa,UAE,"2932 Maple Dr, Sydney"
TXN1000007,75228535.0,Amir Williams,Jean-Pierre Moore,N,GBP,ZAR,Non-KYC,INTERNAL,11331.43,Web Portal,High,2021-02-06 18:23,39,South Africa,Germany,"252 Pine Rd, Mumbai"
TXN1000008,84346088.0,Elizabeth Jackson,Elizabeth Smith,No,ZAR,USD,,outer-transaction,3221.41,Web Portal,Critical,2021-02-17 05:26,70,UK,Brazil,"2900 Main St, Paris"
TXN1000009,17270733.0,Marta Nair,Sanjay Brown,No,BRL,CAD,Non-KYC,inter-transaction,6944.79,Mobile App,Critical,2020-02-14 17:23,19,UAE,UK,"2710 Maple Dr, New York"
TXN1000010,75181648.0,Sarah Miller,Zayn Gonzalez,0,gbp,AUD,,EXTERNAL,14931.39,Agent Network,Critical,2026-03-03 04:55,47,Australia,USA,"7461 Broadway, Paris"
TXN1000011,73993471.0,Charles Souza,Zayn Taylor,No,JPY,eur,Pending,Outer-transaction,8688.0,Mobile App,Low,2020-03-02 23:37,55,Brazil,Australia,"2014 View Rd, New York"
TXN1000012,27566185.0,Marta Nair,Barbara Anderson,No,EUR,USD,Verified,Outer-transaction,13999.56,Mobile App,Medium,2026-10-03 01:39,19,Brazil,India,"9298 Broadway, London"
TXN1000013,99639081.0,Amir Moore,Barbara Souza,No,GBP,AED,,inter-transaction,3061.92,Branch Counter,Critical,2022-05-17 14:14,81,South Africa,UK,"266 Cedar Ln, Dubai"
TXN1000014,31687165.0,Fatima Anderson,Karen Rostova,No,usd,EUR,Pending,INTERNAL,2229.93,Web Portal,Low,2024-01-31 10:21,77,Brazil,South Africa,"3764 Oak Ave, Toronto"
TXN1000015,57469942.0,Jean-Pierre Moore,Carlos Malik,No,CHF,BRL,Unverified,Inter-transaction,2698.62,Branch Counter,Critical,2020-01-19 21:23,38,India,Brazil,"780 Cedar Ln, New York"
TXN1000016,71780854.0,  SUSAN MARTINEZ ,Amir Silva,Y,INR,USD,Verified,EXTERNAL,7645.99,Agent Network,High,2020-12-30 00:17,50,Germany,South Africa,"5360 View Rd, Dubai"
TXN1000017,52101056.0,Jessica Martin,Charles Brown,No,CHF,inr,,EXTERNAL,11058.2,Web Portal,High,2026-10-11 11:11,75,Canada,Australia,"1463 Maple Dr, Mumbai"
TXN1000018,99508850.0,Jessica Hernandez,Joseph Rostova,No,GBP,INR,Verified,outer-transaction,8223.58,Mobile App,High,2023-02-14 10:27,39,France,Germany,"1638 Main St, Paris"
TXN1000019,32775593.0,Marta Williams,Barbara Taylor,No,CHF,CAD,Non-KYC,Inter-transaction,702.74,ATM,Low,2021-08-02 07:59,66,UK,France,"8852 Maple Dr, Paris"
TXN1000020,10744212.0,  CARLOS DUBOIS ,Zayn Dubois,Y,AUD,INR,KYC,outer-transaction,2008.75,ATM,High,2021-06-29 06:22,76,UAE,France,"2330 Main St, New York"
TXN1000021,73709724.0,Thomas Rodriguez,Jean-Pierre Davis,N,AED,JPY,Verified,inter-transaction,13396.47,Mobile App,Medium,2024-09-25 20:33,59,France,South Africa,"7206 Oak Ave, Paris"
TXN1000022,37760841.0,,Joseph Volkov,N,BRL,USD,Unverified,outer-transaction,8077.93,Agent Network,Medium,2026-06-30 10:21,77,UAE,UAE,"3271 Maple Dr, London"
TXN1000023,72732043.0,Priya Jones,Nancy Moore,No,AUD,CHF,KYC,inter-transaction,5692.77,Web Portal,Critical,2020-02-24 09:34,32,USA,Germany,"8660 Pine Rd, Toronto"
TXN1000024,82399599.0,  MARY LOPEZ ,Elizabeth Nair,No,ZAR,USD,Non-KYC,outer-transaction,10045.19,Agent Network,Medium,2022-02-16 19:28,79,France,France,"2007 Pine Rd, Dubai"
TXN1000025,51746937.0,Patricia Jackson,John Souza,No,ZAR,aud,KYC,EXTERNAL,11589.49,Agent Network,Low,2020-02-11 09:27,79,Canada,Germany,"1393 Oak Ave, Mumbai"
TXN1000026,24165187.0,Jessica Lopez,Sanjay Volkov,N,BRL,GBP,Pending,outer-transaction,6978.46,Agent Network,High,2023-08-13 17:13,64,South Africa,UK,"6971 Pine Rd, Mumbai"
TXN1000027,55150390.0,John Thomas,Zayn Hernandez,No,INR,CAD,KYC,INTERNAL,14221.46,Mobile App,Medium,2020-08-18 17:27,79,India,Germany,"4022 View Rd, New York"
TXN1000028,39742165.0,Joseph Rostova,Elizabeth Martinez,No,CAD,SGD,Unverified,inter-transaction,4606.28,Web Portal,Low,2021-03-28 23:07,68,Germany,Canada,"1092 Main St, Toronto"
TXN1000029,89133014.0,Jean-Pierre Taylor,Nancy Martinez,TRUE,INR,aed,KYC,INTERNAL,4389.13,Web Portal,Critical,2026-09-07 09:53,72,Germany,Australia,"2340 Cedar Ln, Toronto"
TXN1000030,25312516.0,Amir Williams,Joseph Thomas,No,zar,ZAR,KYC,INTERNAL,11469.01,Agent Network,Medium,2024-03-25 12:52,81,India,France,"489 Cedar Ln, Dubai"
TXN1000031,23318904.0,Jean-Pierre Miller,Sanjay Miller,No,EUR,GBP,Unverified,inter-transaction,499.27,Branch Counter,High,2023-10-13 07:03,20,Australia,Germany,"8950 Maple Dr, Toronto"
TXN1000032,25405014.0,Karen Davis,Sanjay Jones,0,gbp,EUR,Unverified,Inter-transaction,7035.78,Branch Counter,Critical,2024-01-07 03:04,68,USA,South Africa,"1581 Main St, Sydney"
TXN1000033,22257687.0,Elizabeth Velez,Amir Malik,No,USD,ZAR,Unverified,inter-transaction,2730.52,Agent Network,Critical,2023-02-25 00:48,24,UAE,USA,"7362 Maple Dr, Sydney"
TXN1000034,48683937.0,Marta Gonzalez,Amir Dubois,No,SGD,EUR,KYC,EXTERNAL,13041.82,ATM,Critical,2026-09-05 01:29,38,Canada,Canada,"9829 View Rd, Toronto"
TXN1000035,48658617.0,  THOMAS VOLKOV ,Elena Thomas,No,ZAR,CHF,Non-KYC,Inter-transaction,6927.1,Mobile App,Medium,2023-05-01 07:38,56,Brazil,Canada,"4508 Cedar Ln, Paris"
TXN1000036,61484043.0,William Souza,Nancy Taylor,Yes,GBP,EUR,KYC,inter-transaction,10893.5,Agent Network,Critical,2022-05-30 14:25,35,France,UAE,"3377 Broadway, Toronto"
TXN1000037,42051937.0,Christopher Gonzalez,Elizabeth Malik,N,USD,CAD,,Outer-transaction,7434.98,Mobile App,Medium,2020-03-25 04:33,21,USA,Germany,"8051 Broadway, Toronto"
TXN1000038,65026398.0,Zayn Nair,Michael Williams,No,AED,CAD,Pending,outer-transaction,14312.55,ATM,Low,2022-11-19 06:39,77,France,UAE,"4695 Maple Dr, New York"
TXN1000039,23489853.0,Thomas Garcia,Elena Martinez,0,USD,CAD,Pending,EXTERNAL,11889.87,Web Portal,Medium,2020-02-18 06:38,31,Canada,UAE,"212 Maple Dr, Dubai"
TXN1000040,71682508.0,David Velez,John Volkov,N,AED,ZAR,Unverified,EXTERNAL,3758.97,Branch Counter,Medium,2023-03-14 13:52,26,UK,USA,"239 Main St, Dubai"
TXN1000041,98346110.0,Joseph Rodriguez,John Jackson,Y,BRL,USD,Non-KYC,INTERNAL,12030.96,Web Portal,Medium,2020-03-09 17:37,70,UK,UK,"3268 Cedar Ln, New York"
TXN1000042,51464269.0,Lucas Anderson,Mary Jackson,No,GBP,EUR,Verified,INTERNAL,7531.9,Branch Counter,Medium,2026-12-01 03:41,19,USA,Germany,"6143 View Rd, Mumbai"
TXN1000043,40281491.0,Zayn Velez,Fatima Velez,TRUE,JPY,CAD,,EXTERNAL,3939.8,ATM,High,2024-08-28 17:43,77,South Africa,Brazil,"6361 Pine Rd, New York"
TXN1000044,95282470.0,Amir Anderson,Priya Rostova,No,AUD,EUR,Pending,Outer-transaction,5835.8,Branch Counter,Critical,2024-05-17 15:24,61,Canada,France,"149 Main St, Toronto"
TXN1000045,69509870.0,Thomas Davis,Zayn Lopez,No,ZAR,CAD,KYC,outer-transaction,1384.18,Web Portal,Low,2026-01-03 06:37,25,Canada,UAE,"4921 Cedar Ln, Toronto"
TXN1000046,41272553.0,Richard Dubois,Michael Silva,0,USD,AED,,Inter-transaction,1985.73,Branch Counter,Medium,2025-02-12 04:02,64,India,Australia,"9765 View Rd, Paris"
TXN1000047,58592048.0,Charles Jackson,Patricia Anderson,No,CHF,USD,KYC,Inter-transaction,14978.82,ATM,Critical,2022-10-12 11:30,52,South Africa,India,"7946 Maple Dr, New York"
TXN1000048,94970119.0,Christopher Moore,Elena Hernandez,No,CHF,JPY,,EXTERNAL,13166.82,Agent Network,Medium,2021-03-21 14:41,53,UAE,Australia,"3865 Broadway, Paris"
TXN1000049,99269266.0,David Lopez,Michael Velez,0,EUR,EUR,Pending,Inter-transaction,8801.11,Agent Network,High,2026-03-18 19:18,67,UAE,USA,"9841 Broadway, Toronto"
TXN1000050,51936181.0,Susan Brown,Christopher Taylor,No,ZAR,SGD,Pending,Outer-transaction,12110.25,Agent Network,Low,2023-11-02 15:59,21,Brazil,USA,"8419 View Rd, Mumbai"
TXN1000051,98227303.0,Joseph Williams,Michael Al-Sayed,No,USD,EUR,,inter-transaction,11654.77,Agent Network,Low,2025-11-12 10:39,19,Germany,South Africa,"4955 Maple Dr, Mumbai"
TXN1000052,65590800.0,David Miller,,No,AUD,EUR,Unverified,INTERNAL,831.18,Web Portal,High,2020-09-18 02:22,23,UK,UK,"6011 Oak Ave, Paris"
TXN1000053,40884937.0,Charles Moore,Amir Velez,N,EUR,aud,Pending,outer-transaction,8605.26,ATM,High,2025-01-22 06:22,71,UAE,France,"2861 Main St, New York"
TXN1000054,68614462.0,Zayn Brown,Elizabeth Wilson,No,JPY,EUR,Pending,EXTERNAL,1719.26,Agent Network,Medium,2022-06-15 06:45,21,South Africa,UAE,"9707 Oak Ave, Dubai"
TXN1000055,30517835.0,Jean-Pierre Dubois,Sanjay Williams,No,ZAR,SGD,,EXTERNAL,14798.11,Branch Counter,High,2022-12-30 01:41,71,Canada,Australia,"5888 Oak Ave, New York"
TXN1000056,71974027.0,Thomas Johnson,Mary Lopez,N,EUR,ZAR,Pending,EXTERNAL,13439.19,ATM,Medium,2026-03-16 18:57,80,UAE,India,"617 Oak Ave, Mumbai"
TXN1000057,21318464.0,Charles Nair,Linda Johnson,No,SGD,SGD,Verified,EXTERNAL,8972.31,Branch Counter,Low,2024-04-05 08:47,35,Canada,USA,"9633 Main St, Mumbai"
TXN1000058,,Robert Jackson,Marta Jones,0,AED,ZAR,Unverified,EXTERNAL,11877.01,Web Portal,Low,2020-04-01 18:17,61,UAE,USA,"3902 Main St, Sydney"
TXN1000059,28463709.0,Michael Williams,Barbara Malik,N,JPY,jpy,Non-KYC,INTERNAL,5657.03,Web Portal,Medium,2020-05-06 08:47,51,UK,UK,"7262 Pine Rd, London"
TXN1000060,70254091.0,Elizabeth Moore,Elizabeth Martinez,1,SGD,INR,Unverified,INTERNAL,7916.62,Web Portal,Medium,2020-03-20 12:41,79,France,India,"6341 Main St, Toronto"
TXN1000061,48260510.0,,Linda Rodriguez,No,JPY,GBP,KYC,outer-transaction,808.32,Agent Network,High,2025-01-21 19:13,31,UAE,India,"8499 Oak Ave, Sydney"
TXN1000062,28468304.0,  MARY MARTINEZ ,Priya Khan,No,GBP,BRL,Non-KYC,INTERNAL,14103.99,Agent Network,Critical,2022-09-09 11:24,65,South Africa,UK,"6409 View Rd, London"
TXN1000063,,Nancy Moore,John Nair,No,INR,BRL,,EXTERNAL,1293.35,Branch Counter,Low,2022-07-04 18:38,32,UAE,USA,"1618 View Rd, Sydney"
TXN1000064,57928328.0,  LUCAS WILLIAMS ,Susan Davis,Yes,ZAR,EUR,,Outer-transaction,12457.45,ATM,Critical,2026-12-08 22:14,79,Germany,France,"2700 View Rd, Sydney"
TXN1000065,52358553.0,Priya Martinez,Charles Gonzalez,TRUE,JPY,SGD,,inter-transaction,4105.52,Branch Counter,Critical,2021-11-24 15:26,57,UK,Germany,"3654 Broadway, London"
TXN1000066,79696025.0,David Silva,Robert Al-Sayed,No,AUD,CHF,Verified,inter-transaction,6694.28,ATM,Medium,2020-01-25 07:09,70,South Africa,Germany,"2949 View Rd, Toronto"
TXN1000067,17698469.0,Robert Velez,Sanjay Gonzalez,No,BRL,ZAR,Non-KYC,Inter-transaction,3547.57,Branch Counter,High,2020-06-04 03:50,41,India,UK,"1842 Pine Rd, London"
TXN1000068,81062902.0,Susan Gonzalez,Richard Nair,No,EUR,USD,Verified,EXTERNAL,6699.63,Agent Network,High,2024-12-17 18:27,43,South Africa,India,"7619 View Rd, New York"
TXN1000069,52894344.0,Marta Lopez,Elena Williams,No,AED,AED,Pending,Outer-transaction,1829.22,Web Portal,Medium,2024-04-02 20:58,77,Germany,UAE,"4295 Pine Rd, Sydney"
TXN1000070,18824561.0,Barbara Gonzalez,Elena Al-Sayed,No,AUD,AUD,,INTERNAL,5174.28,Agent Network,Medium,2025-05-20 14:13,58,France,UK,"2405 Cedar Ln, Sydney"
TXN1000071,40262109.0,Susan Taylor,Carlos Martinez,N,AED,INR,Pending,EXTERNAL,2537.85,Agent Network,Medium,2024-09-29 00:47,46,UK,France,"9380 Pine Rd, London"
TXN1000072,16101779.0,Sanjay Dubois,Christopher Rodriguez,No,CHF,AUD,Verified,outer-transaction,3680.72,ATM,High,2022-12-16 09:18,32,India,UK,"6509 Cedar Ln, Paris"
TXN1000073,52857920.0,Fatima Malik,Susan Gonzalez,No,CAD,JPY,KYC,Inter-transaction,4360.28,ATM,Critical,2024-06-16 21:02,62,Germany,Canada,"4857 Pine Rd, Mumbai"
TXN1000074,76942394.0,  CARLOS MARTINEZ ,Sarah Smith,No,AUD,JPY,Pending,EXTERNAL,10091.08,Branch Counter,Low,2020-01-19 04:40,82,Germany,Australia,"1371 View Rd, Sydney"
TXN1000075,36126192.0,Susan Moore,Barbara Williams,No,SGD,JPY,Unverified,inter-transaction,11925.51,Branch Counter,High,2023-11-08 17:10,26,USA,India,"8901 View Rd, New York"
TXN1000076,71335966.0,Michael Martin,Carlos Taylor,No,CHF,CAD,Pending,INTERNAL,7352.8,Agent Network,High,2023-05-01 15:01,18,UK,South Africa,"6224 Maple Dr, New York"
TXN1000077,94457912.0,John Martin,Sarah Rodriguez,1,CHF,CHF,Unverified,Outer-transaction,12326.7,Web Portal,Low,2026-04-03 11:53,25,South Africa,South Africa,"4496 Maple Dr, Paris"
TXN1000078,73297813.0,Zayn Malik,Fatima Al-Sayed,No,GBP,JPY,Non-KYC,outer-transaction,13682.74,Branch Counter,High,2023-11-11 05:42,80,Canada,India,"916 Main St, Sydney"
TXN1000079,48789478.0,Elena Miller,Elena Rostova,No,SGD,CAD,Pending,outer-transaction,13437.45,ATM,High,2020-10-03 07:43,28,France,France,"182 Main St, London"
TXN1000080,37121108.0,  AMIR MOORE ,,No,AED,GBP,Non-KYC,EXTERNAL,3500.22,Mobile App,Critical,2022-01-14 01:08,25,Canada,Canada,"2193 Oak Ave, Dubai"
TXN1000081,73847325.0,Sarah Nair,William Dubois,1,CAD,AED,,Inter-transaction,13699.31,Web Portal,Critical,2021-07-05 14:01,52,South Africa,Canada,"8467 View Rd, New York"
TXN1000082,11243818.0,Barbara Jackson,,0,CAD,AED,Pending,outer-transaction,4099.83,Mobile App,High,2023-03-22 00:09,52,South Africa,USA,"5037 Oak Ave, Toronto"
TXN1000083,35925669.0,Linda Martin,Zayn Nair,Y,AUD,JPY,Non-KYC,Inter-transaction,3919.17,Web Portal,Critical,2021-09-30 01:43,50,UK,Australia,"2201 Oak Ave, Toronto"
TXN1000084,72464258.0,Barbara Garcia,Joseph Velez,No,BRL,AED,Non-KYC,outer-transaction,2306.25,Agent Network,High,2020-08-24 22:07,22,South Africa,Germany,"1879 Pine Rd, Mumbai"
TXN1000085,89968863.0,Zayn Silva,Robert Taylor,No,brl,cad,Pending,INTERNAL,2256.29,Branch Counter,Critical,2022-09-24 04:53,58,USA,Brazil,"7394 Main St, Sydney"
TXN1000086,65757342.0,Thomas Jackson,Mary Moore,No,aed,brl,Unverified,inter-transaction,10508.77,Agent Network,Low,2025-10-03 00:46,45,India,France,"3776 Pine Rd, New York"
TXN1000087,,Carlos Gonzalez,Thomas Malik,0,AUD,AUD,KYC,Outer-transaction,14892.77,ATM,Medium,2025-06-26 05:43,24,South Africa,Brazil,"8189 Pine Rd, Sydney"
TXN1000088,43220503.0,Thomas Lopez,Michael Rodriguez,No,brl,EUR,Non-KYC,Outer-transaction,1018.69,Agent Network,Low,2023-12-30 07:44,29,Canada,Brazil,"4238 Main St, New York"
TXN1000089,17575790.0,Michael Taylor,Barbara Davis,N,BRL,CHF,Non-KYC,EXTERNAL,7823.55,ATM,High,2025-11-26 18:31,51,South Africa,India,"4117 Maple Dr, Mumbai"
TXN1000090,56226575.0,Sanjay Velez,Joseph Silva,No,BRL,AUD,Non-KYC,inter-transaction,12864.54,Web Portal,Critical,2023-04-22 00:42,50,USA,South Africa,"8660 Cedar Ln, Paris"
TXN1000091,70369365.0,,Robert Moore,Yes,INR,USD,Pending,EXTERNAL,10075.04,Web Portal,Critical,2023-10-23 19:32,65,UAE,South Africa,"1234 Maple Dr, Paris"
TXN1000092,74279671.0,Priya Davis,Elena Martin,Yes,AUD,INR,Verified,inter-transaction,7697.12,ATM,Critical,2025-06-29 07:31,40,UAE,Germany,"5219 Broadway, New York"
TXN1000093,29585415.0,John Rodriguez,Karen Souza,No,BRL,AUD,Pending,EXTERNAL,14152.53,Branch Counter,High,2023-05-06 04:16,79,Germany,India,"6236 View Rd, Mumbai"
TXN1000094,34702473.0,  PRIYA VOLKOV , karen nair   ,1,JPY,USD,Non-KYC,EXTERNAL,3479.19,Web Portal,Low,2023-10-26 07:56,54,France,Brazil,"2446 Oak Ave, Toronto"
TXN1000095,10887495.0,Karen Moore,Jessica Smith,No,BRL,AED,Non-KYC,Inter-transaction,13771.55,Agent Network,Medium,2021-01-07 09:33,61,Brazil,UAE,"8352 Oak Ave, Toronto"
TXN1000096,85833309.0,Elizabeth Rostova,Elizabeth Martinez,No,EUR,zar,Unverified,Inter-transaction,9554.85,Web Portal,Low,2024-02-29 08:55,52,India,South Africa,"4001 Oak Ave, New York"
TXN1000097,38375916.0,Carlos Malik,Elena Volkov,No,AED,USD,Non-KYC,inter-transaction,244.71,Web Portal,Medium,2026-02-26 22:34,82,Australia,France,"4526 Oak Ave, Dubai"
TXN1000098,28783850.0,Lucas Rostova,Fatima Williams,No,CAD,usd,Pending,outer-transaction,14534.12,Branch Counter,Low,2022-04-28 17:06,64,Germany,France,"9619 Broadway, London"
TXN1000099,93029219.0,Barbara Silva,Elizabeth Rostova,No,AED,GBP,KYC,Inter-transaction,14144.97,ATM,High,2023-09-07 14:52,20,France,USA,"1461 View Rd, Paris"
TXN1000100,84386123.0,Robert Martin,Nancy Silva,No,AUD,USD,Non-KYC,INTERNAL,7821.36,ATM,Medium,2026-05-11 21:19,18,UAE,UK,"4470 Maple Dr, Toronto"
TXN1000101,58469365.0,David Davis,Fatima Nair,No,CHF,inr,Unverified,inter-transaction,6608.94,ATM,Medium,2026-03-08 17:24,22,Canada,UAE,"2093 View Rd, New York"
TXN1000102,94946730.0,Sarah Jackson,Lucas Davis,No,AED,AUD,Pending,Inter-transaction,14295.54,ATM,Medium,2021-05-18 02:59,31,Australia,South Africa,"1114 Pine Rd, Dubai"
TXN1000103,42483531.0,David Velez,Michael Rostova,No,AUD,EUR,,outer-transaction,8159.24,Branch Counter,Low,2021-12-03 22:45,44,France,Canada,"790 View Rd, London"
TXN1000104,54506155.0,Lucas Wilson,Patricia Smith,No,INR,JPY,Unverified,EXTERNAL,8832.96,Agent Network,Medium,2025-09-20 23:33,26,France,South Africa,"6964 Main St, Mumbai"
TXN1000105,51861213.0,  RICHARD ANDERSON , lucas miller   ,No,CAD,SGD,,Inter-transaction,348.55,Branch Counter,Low,2020-11-10 13:21,32,Germany,USA,"7886 Main St, Paris"
TXN1000106,94524999.0,Linda Garcia,Sanjay Velez,No,USD,BRL,Non-KYC,inter-transaction,11287.36,Mobile App,Low,2026-07-04 10:47,59,Australia,France,"5588 Maple Dr, Sydney"
TXN1000107,62162278.0,Nancy Gonzalez,Christopher Brown,No,SGD,CHF,,Outer-transaction,4704.65,Web Portal,High,2022-11-06 07:38,68,UK,Brazil,"3012 View Rd, Mumbai"
TXN1000108,95295586.0,Karen Rostova,Priya Nair,0,GBP,JPY,Verified,Inter-transaction,7274.29,Web Portal,Critical,2020-10-09 10:34,80,Brazil,Canada,"4844 Oak Ave, Toronto"
TXN1000109,39598969.0,Barbara Johnson,David Davis,No,GBP,SGD,Verified,INTERNAL,12351.01,Branch Counter,Low,2020-09-14 16:45,69,UK,India,"2917 Cedar Ln, London"
TXN1000110,70362053.0,David Lopez,Zayn Khan,No,EUR,INR,Unverified,Outer-transaction,9246.11,Web Portal,Medium,2021-07-28 05:07,21,Australia,Australia,"4558 Pine Rd, Sydney"
TXN1000111,79043610.0,Carlos Velez,Amir Brown,No,AUD,USD,,inter-transaction,12428.94,ATM,Critical,2021-07-27 21:36,40,UK,Brazil,"9033 Oak Ave, Sydney"
TXN1000112,79204468.0,Fatima Rodriguez,Elena Souza,Y,SGD,SGD,Unverified,EXTERNAL,9965.52,Branch Counter,Low,2022-11-08 07:33,32,USA,Australia,"5838 Cedar Ln, Paris"
TXN1000113,75140950.0,Lucas Hernandez,Carlos Velez,N,USD,eur,Unverified,Inter-transaction,14877.66,ATM,Medium,2024-04-01 14:43,60,UAE,UAE,"7797 Oak Ave, Paris"
TXN1000114,97095388.0,Linda Johnson,Joseph Nair,No,BRL,INR,Pending,Outer-transaction,7796.47,ATM,Low,2021-02-26 16:32,46,USA,UK,"7929 Pine Rd, London"
TXN1000115,23747542.0,Patricia Hernandez,Susan Volkov,No,AUD,gbp,Non-KYC,outer-transaction,5274.3,Web Portal,Medium,2024-01-29 14:45,53,South Africa,Canada,"7452 Cedar Ln, Sydney"
TXN1000116,57182314.0,Jessica Hernandez,Lucas Jones,No,ZAR,EUR,KYC,EXTERNAL,13138.65,Web Portal,Medium,2023-10-28 19:53,30,UK,Germany,"8426 Cedar Ln, Toronto"
TXN1000117,89715904.0,Robert Taylor,Carlos Smith,TRUE,CAD,GBP,Unverified,Inter-transaction,260.17,Mobile App,Low,2022-01-27 15:28,49,South Africa,Canada,"8103 Maple Dr, Paris"
TXN1000118,66851305.0,Elena Gonzalez,Robert Nair,No,CHF,GBP,Pending,inter-transaction,5867.07,Mobile App,High,2023-01-09 08:32,76,Canada,South Africa,"7396 Broadway, Toronto"
TXN1000119,99399687.0,Fatima Velez,Fatima Garcia,No,BRL,GBP,,inter-transaction,2512.77,Web Portal,High,2024-04-23 16:28,45,India,France,"8412 Main St, Dubai"
TXN1000120,71095611.0,Charles Lopez,Mary Thomas,Y,GBP,CAD,,INTERNAL,48.5,Mobile App,Medium,2026-10-07 12:20,83,Canada,South Africa,"5203 Cedar Ln, Mumbai"
TXN1000121,98007006.0,Jessica Davis,Richard Davis,No,,CAD,Non-KYC,Outer-transaction,12067.03,Mobile App,Critical,2021-03-04 20:04,59,Australia,South Africa,"2132 Oak Ave, Sydney"
TXN1000122,85672859.0,Lucas Martinez,,No,CAD,CHF,Non-KYC,Outer-transaction,105.6,ATM,Low,2025-07-14 09:05,62,France,UAE,"2168 Oak Ave, Paris"
TXN1000123,51273379.0,Patricia Miller,Charles Davis,No,USD,GBP,,inter-transaction,6882.29,Mobile App,Low,2020-07-22 23:50,79,UAE,Brazil,"2768 Broadway, Sydney"
TXN1000124,45029610.0,Zayn Hernandez,Priya Silva,No,BRL,cad,Pending,Inter-transaction,2339.6,Web Portal,Critical,2026-02-21 12:00,74,UK,Germany,"902 Maple Dr, Mumbai"
TXN1000125,22136086.0,Linda Silva,Marta Martinez,N,brl,CHF,Verified,outer-transaction,7706.76,Branch Counter,High,2026-05-21 19:56,23,Germany,Germany,"295 Maple Dr, Sydney"
TXN1000126,26301180.0,John Johnson,Amir Dubois,TRUE,GBP,INR,Verified,Inter-transaction,336.78,Mobile App,Medium,2025-06-15 14:45,45,India,South Africa,"2430 Oak Ave, Paris"
TXN1000127,87025433.0,Jessica Khan,Fatima Gonzalez,No,AUD,ZAR,Non-KYC,Inter-transaction,9215.46,Agent Network,Medium,2026-02-21 07:09,45,Brazil,Australia,"8568 Cedar Ln, Paris"
TXN1000128,80573568.0,Elizabeth Nair,Lucas Moore,N,AUD,BRL,Unverified,inter-transaction,2705.44,Branch Counter,Medium,2020-11-02 08:48,61,Brazil,UAE,"4027 Main St, Mumbai"
TXN1000129,43266810.0,Marta Davis,David Moore,N,BRL,USD,Non-KYC,Outer-transaction,3555.9,Branch Counter,High,2024-08-14 08:02,47,Brazil,South Africa,"2691 Broadway, Mumbai"
TXN1000130,76065552.0,Karen Martinez,Linda Thomas,No,$,INR,Non-KYC,inter-transaction,10756.9,Branch Counter,Low,2020-01-14 10:11,79,UK,UK,"9863 View Rd, London"
TXN1000131,98870866.0,Joseph Jackson,Patricia Hernandez,No,GBP,,,INTERNAL,10406.47,Agent Network,High,2025-02-03 09:24,79,Brazil,France,"1300 Oak Ave, London"
TXN1000132,86884584.0,Joseph Malik,Jean-Pierre Jackson,No,CHF,CAD,Non-KYC,inter-transaction,11182.7,Web Portal,High,2025-05-15 16:48,18,USA,Brazil,"2954 Main St, New York"
TXN1000133,45596211.0,William Davis,Elena Williams,No,eur,BRL,Unverified,outer-transaction,5274.96,ATM,Low,2022-12-16 10:53,44,India,India,"9528 Cedar Ln, New York"
TXN1000134,45047967.0,Patricia Williams,Richard Garcia,Y,gbp,BRL,Unverified,EXTERNAL,474.59,Web Portal,Critical,2021-12-23 03:38,79,USA,UK,"1129 Pine Rd, Mumbai"
TXN1000135,98663948.0,Barbara Martinez,Elizabeth Brown,No,CHF,JPY,,EXTERNAL,9007.23,Web Portal,Low,2022-02-18 20:25,20,France,Australia,"2694 Broadway, Dubai"
TXN1000136,98723294.0,David Williams,Sanjay Moore,No,CAD,AUD,Verified,INTERNAL,933.97,Mobile App,Low,2023-05-18 13:38,44,India,Canada,"2572 View Rd, Mumbai"
TXN1000137,81875527.0,  MARTA MALIK ,Priya Thomas,No,INR,SGD,Pending,INTERNAL,10166.25,Agent Network,Medium,2021-06-12 23:39,26,USA,Canada,"186 Main St, Sydney"
TXN1000138,68437492.0,William Khan,Sanjay Jones,N,AED,cad,Verified,inter-transaction,7800.13,Mobile App,Critical,2022-03-08 00:55,79,India,UK,"8243 Pine Rd, Dubai"
TXN1000139,23554707.0,  LUCAS MARTINEZ ,Zayn Moore,Y,AUD,AED,Non-KYC,INTERNAL,9133.74,ATM,Low,2020-12-09 21:03,54,France,South Africa,"7068 Broadway, Dubai"
TXN1000140,50675347.0,Barbara Rodriguez,Amir Thomas,Y,ZAR,EUR,Verified,inter-transaction,10934.7,Agent Network,Low,2023-07-26 11:55,68,South Africa,India,"1800 Broadway, Mumbai"
TXN1000141,31336920.0,Robert Martinez,Elena Taylor,No,jpy,CHF,Unverified,Inter-transaction,13771.29,Web Portal,High,2020-07-27 02:12,61,UK,USA,"6915 View Rd, Sydney"
TXN1000142,73697356.0,  CHRISTOPHER MOORE ,Susan Lopez,No,AED,brl,Non-KYC,Outer-transaction,9714.22,Web Portal,High,2021-10-02 19:30,41,UK,USA,"1747 Broadway, Mumbai"
TXN1000143,11135982.0,Elizabeth Rodriguez,Nancy Silva,1,BRL,BRL,Unverified,inter-transaction,10161.17,Agent Network,Critical,2023-08-04 05:42,76,Brazil,Australia,"5620 Broadway, Mumbai"
TXN1000144,24509544.0,Sarah Williams,Richard Rodriguez,No,AED,AED,Non-KYC,Inter-transaction,12083.39,Agent Network,Critical,2026-04-18 22:03,49,Canada,South Africa,"4645 Cedar Ln, Dubai"
TXN1000145,14740436.0,Christopher Rostova,Christopher Khan,No,BRL,BRL,Pending,inter-transaction,12682.83,Agent Network,Medium,2026-05-07 19:15,69,Brazil,Germany,"4857 View Rd, New York"
TXN1000146,55047826.0,Sanjay Williams,Elizabeth Lopez,No,AED,AUD,Unverified,Inter-transaction,12997.24,Agent Network,Low,2025-05-01 06:21,79,Australia,Germany,"9012 View Rd, Toronto"
TXN1000147,36883353.0,Richard Wilson,Christopher Volkov,0,SGD,GBP,Non-KYC,inter-transaction,9521.14,Mobile App,Critical,2022-07-08 10:55,75,USA,Brazil,"7181 Pine Rd, Dubai"
TXN1000148,68211760.0,  SANJAY WILSON ,Joseph Wilson,1,aud,USD,Pending,Outer-transaction,278.56,Mobile App,Medium,2024-09-19 00:57,69,India,India,"4829 Oak Ave, Paris"
TXN1000149,50024028.0,Barbara Anderson,,No,CAD,AUD,Non-KYC,Outer-transaction,14221.78,ATM,Low,2025-08-06 06:11,29,Canada,India,"8406 Maple Dr, London"
TXN1000150,15014834.0,Joseph Volkov,,N,CHF,USD,KYC,outer-transaction,6670.27,Mobile App,High,2021-02-22 06:58,56,France,Canada,"7278 View Rd, Paris"
TXN1000151,,Nancy Rostova,Michael Wilson,N,EUR,,Non-KYC,inter-transaction,12474.17,Web Portal,High,2024-10-15 22:38,19,Australia,UAE,"2394 Broadway, Dubai"
TXN1000152,21945758.0,Priya Brown,Amir Jackson,No,GBP,EUR,Unverified,inter-transaction,3969.23,Mobile App,Low,2023-10-20 09:47,20,France,Australia,"246 View Rd, Paris"
TXN1000153,16159129.0,John Malik,Michael Velez,No,CAD,CAD,Verified,Outer-transaction,1716.34,ATM,Critical,2023-01-04 07:08,73,UK,USA,"3553 Maple Dr, Toronto"
TXN1000154,17871385.0,Zayn Garcia, patricia wilson   ,0,SGD,CHF,,EXTERNAL,14601.93,Web Portal,Critical,2026-10-16 08:33,76,UK,Australia,"5728 Main St, Paris"
TXN1000155,87396519.0,Fatima Jackson,Elizabeth Velez,Y,JPY,JPY,,EXTERNAL,9624.65,Web Portal,Low,2025-11-26 12:12,19,Brazil,Germany,"3460 View Rd, New York"
TXN1000156,,Richard Rodriguez,Mary Taylor,No,ZAR,AUD,Unverified,outer-transaction,4747.76,ATM,Low,2024-03-25 22:54,19,USA,Germany,"118 Pine Rd, London"
TXN1000157,78227936.0,,Sanjay Velez,No,CAD,CAD,Pending,outer-transaction,10752.7,Branch Counter,Critical,2022-12-06 03:24,71,Canada,UK,"6418 Oak Ave, New York"
TXN1000158,60182714.0,Elena Brown,Mary Volkov,No,GBP,BRL,Unverified,Outer-transaction,6861.12,Web Portal,High,2026-08-23 23:43,18,UAE,Brazil,"2048 Oak Ave, London"
TXN1000159,77672253.0,Michael Thomas,John Taylor,Yes,JPY,AUD,Pending,Outer-transaction,10960.11,Web Portal,Low,2025-01-24 16:01,36,Australia,India,"5718 Cedar Ln, Dubai"
TXN1000160,43318046.0,David Gonzalez,Richard Martinez,No,GBP,GBP,Verified,EXTERNAL,11054.91,Agent Network,Medium,2023-01-24 12:30,19,Australia,France,"2020 Oak Ave, Mumbai"
TXN1000161,33865616.0,Charles Moore,Elena Nair,No,EUR,CAD,Pending,inter-transaction,13163.38,ATM,Low,2022-08-15 17:27,70,Brazil,Australia,"338 Cedar Ln, New York"
TXN1000162,43629729.0,Michael Khan,Mary Rostova,N,inr,JPY,Non-KYC,EXTERNAL,9710.32,ATM,Medium,2020-04-12 14:30,61,UK,Germany,"5027 Cedar Ln, Mumbai"
TXN1000163,84104909.0,Mary Smith,Fatima Rodriguez,No,SGD,INR,Pending,Outer-transaction,11644.44,Web Portal,High,2023-03-15 07:14,49,Brazil,UAE,"4490 Oak Ave, New York"
TXN1000164,45465638.0,Michael Garcia, christopher malik   ,No,CAD,SGD,,INTERNAL,12648.67,Branch Counter,Critical,2025-03-18 00:19,49,India,Canada,"5488 Cedar Ln, London"
TXN1000165,82890984.0,Karen Gonzalez,Robert Lopez,No,INR,ZAR,Pending,EXTERNAL,141.97,Branch Counter,Critical,2024-10-21 09:11,85,Canada,USA,"5226 Oak Ave, New York"
TXN1000166,25216804.0,Joseph Rodriguez,Karen Al-Sayed,No,JPY,CAD,Verified,INTERNAL,1244.36,Mobile App,Medium,2021-11-09 04:08,72,USA,Brazil,"9112 Main St, New York"
TXN1000167,68416623.0,Sanjay Khan,Robert Al-Sayed,No,,sgd,KYC,INTERNAL,12326.07,Branch Counter,Critical,2025-05-22 22:07,73,South Africa,UAE,"3745 Main St, Toronto"
TXN1000168,18487605.0,Jean-Pierre Al-Sayed,Christopher Johnson,Yes,EUR,CAD,Unverified,outer-transaction,5932.75,Mobile App,Critical,2022-09-15 15:13,34,Germany,Brazil,"8542 Cedar Ln, Toronto"
TXN1000169,96965116.0,Susan Smith,Karen Malik,No,eur,USD,,EXTERNAL,13554.16,Branch Counter,Medium,2023-01-10 12:54,55,Germany,UK,"7474 Cedar Ln, Mumbai"
TXN1000170,86140729.0,Zayn Johnson,Zayn Dubois,0,JPY,SGD,Pending,outer-transaction,14273.58,Branch Counter,Medium,2026-10-11 20:44,41,Brazil,France,"9459 Main St, Dubai"
TXN1000171,88405961.0,Michael Jackson,Christopher Lopez,N,aud,GBP,Verified,Outer-transaction,10196.91,Branch Counter,Critical,2024-05-26 04:47,28,India,Germany,"6911 Main St, New York"
TXN1000172,28790705.0,Carlos Moore,William Rodriguez,Yes,ZAR,EUR,Pending,outer-transaction,11540.31,Web Portal,Low,2024-02-11 10:53,33,Canada,Canada,"7360 Main St, Dubai"
TXN1000173,49057246.0,Michael Anderson,Charles Taylor,No,cad,JPY,Pending,Outer-transaction,6698.84,Web Portal,Medium,2024-11-24 04:12,76,UAE,UAE,"9679 Pine Rd, Dubai"
TXN1000174,58486337.0,Joseph Thomas,Priya Anderson,Y,USD,ZAR,Verified,INTERNAL,8169.81,Web Portal,Critical,2023-03-31 10:24,20,Germany,Brazil,"3916 Broadway, Dubai"
TXN1000175,57365168.0,Amir Malik,Susan Thomas,N,CHF,USD,Non-KYC,Outer-transaction,2811.72,Branch Counter,Low,2022-07-20 18:34,37,Canada,India,"4534 Pine Rd, London"
TXN1000176,65149958.0,  JOHN DAVIS ,Mary Jones,No,GBP,GBP,Non-KYC,INTERNAL,14373.99,Agent Network,Low,2023-11-26 14:38,76,USA,UK,"4108 Cedar Ln, Paris"
TXN1000177,88201440.0,Amir Dubois,Linda Martin,No,AED,GBP,Unverified,Outer-transaction,1637.47,Web Portal,Critical,2022-11-27 06:37,53,France,India,"5094 Pine Rd, Mumbai"
TXN1000178,22507745.0,  SARAH VELEZ ,Michael Volkov,No,USD,ZAR,Non-KYC,outer-transaction,11845.44,ATM,High,2025-06-01 02:44,36,India,Canada,"4737 Main St, London"
TXN1000179,44601998.0,William Smith,Elena Al-Sayed,N,CHF,JPY,Verified,Inter-transaction,2330.13,Agent Network,High,2026-09-06 06:36,84,UK,UAE,"8675 Oak Ave, Dubai"
TXN1000180,84834795.0,Sarah Garcia,Susan Moore,No,AED,AED,KYC,EXTERNAL,3454.27,Web Portal,Low,2025-08-04 22:49,36,Canada,UK,"2665 Maple Dr, Paris"
TXN1000181,95345915.0,John Silva,Robert Khan,No,CHF,AUD,Unverified,INTERNAL,9846.07,Branch Counter,Low,2026-12-16 21:07,37,USA,UAE,"6428 Maple Dr, Paris"
TXN1000182,90465529.0,Charles Taylor,Elena Davis,No,ZAR,USD,Unverified,inter-transaction,10048.23,ATM,Medium,2023-07-02 16:51,69,UAE,Germany,"9023 Maple Dr, New York"
TXN1000183,47112255.0,Elizabeth Martin,William Anderson,0,CHF,USD,KYC,INTERNAL,14351.07,Agent Network,High,2023-04-17 00:45,50,South Africa,South Africa,"4880 Oak Ave, London"
TXN1000184,13670948.0,Sarah Brown,David Williams,No,INR,ZAR,,inter-transaction,3731.38,Mobile App,Critical,2021-08-16 16:41,57,UK,UK,"6576 Cedar Ln, Dubai"
TXN1000185,35523849.0,Sarah Al-Sayed,William Davis,Yes,AED,INR,KYC,Inter-transaction,10140.42,ATM,Low,2026-09-02 11:47,56,South Africa,India,"2482 Maple Dr, Mumbai"
TXN1000186,,David Gonzalez,Elizabeth Dubois,No,USD,JPY,,Outer-transaction,6863.37,Mobile App,Critical,2023-11-22 13:26,18,UAE,Canada,"734 Oak Ave, Mumbai"
TXN1000187,83626933.0,David Davis,David Thomas,1,CAD,CAD,Unverified,inter-transaction,6766.43,Agent Network,Medium,2026-01-14 15:07,28,USA,France,"102 View Rd, Dubai"
TXN1000188,30072000.0,Sarah Silva,John Garcia,No,GBP,ZAR,Pending,Inter-transaction,5982.04,Web Portal,Low,2022-10-24 22:59,74,Germany,Germany,"6051 Pine Rd, Paris"
TXN1000189,44589898.0,Susan Smith,Jessica Brown,No,ZAR,CHF,Verified,inter-transaction,10101.16,ATM,Critical,2026-01-23 09:48,67,South Africa,South Africa,"5726 Maple Dr, Sydney"
TXN1000190,94728082.0,Nancy Jackson,Joseph Malik,0,EUR,GBP,Unverified,inter-transaction,13316.5,Branch Counter,Critical,2022-08-17 17:19,40,UK,France,"2990 Oak Ave, Paris"
TXN1000191,38262427.0,Linda Gonzalez,Patricia Brown,No,sgd,JPY,Pending,Outer-transaction,1273.83,ATM,High,2026-09-22 15:16,48,Brazil,USA,"6339 Pine Rd, Dubai"
TXN1000192,53647781.0,Zayn Thomas,Thomas Malik,No,AED,JPY,,EXTERNAL,9541.41,Agent Network,Critical,2026-02-19 15:18,59,Australia,Germany,"3406 Oak Ave, Dubai"
TXN1000193,10012394.0,Charles Khan,Jean-Pierre Malik,No,AED,SGD,Unverified,inter-transaction,8959.09,Mobile App,High,2026-04-01 23:55,24,Canada,Canada,"9571 Main St, New York"
TXN1000194,45296615.0,Robert Wilson,,No,CHF,BRL,KYC,Outer-transaction,2057.99,Mobile App,Critical,2023-03-19 07:37,33,Germany,Brazil,"770 Maple Dr, London"
TXN1000195,23726915.0,Barbara Rodriguez,Michael Rostova,No,$,INR,Unverified,inter-transaction,6960.63,Mobile App,High,2022-03-26 05:52,77,South Africa,UK,"6560 Broadway, New York"
TXN1000196,61214452.0,Amir Smith,Patricia Dubois,Yes,AUD,SGD,,Outer-transaction,7097.65,Branch Counter,High,2021-02-07 08:35,19,France,UAE,"5355 Main St, London"
TXN1000197,16991067.0,Zayn Velez,William Brown,No,aud,CAD,KYC,INTERNAL,11754.29,ATM,Medium,2022-06-11 11:59,18,Canada,Canada,"6557 Cedar Ln, Mumbai"
TXN1000198,,Susan Nair,Michael Rostova,No,EUR,GBP,Unverified,EXTERNAL,2902.55,ATM,High,2020-03-08 11:54,65,Brazil,UK,"2954 Oak Ave, Sydney"
TXN1000199,82963514.0,Susan Hernandez,Fatima Anderson,No,CHF,JPY,Unverified,Inter-transaction,11641.01,Agent Network,Critical,2020-03-28 16:14,29,UAE,France,"3892 Pine Rd, Mumbai"
TXN1000200,62008140.0,William Taylor,Marta Thomas,N,GBP,CHF,KYC,Outer-transaction,2687.8,Mobile App,Medium,2026-03-14 08:38,54,Australia,UAE,"5430 Maple Dr, Mumbai"
TXN1000201,44351488.0,Mary Lopez,Elizabeth Martin,Yes,USD,INR,Verified,INTERNAL,11154.73,ATM,High,2025-08-10 09:47,49,USA,Australia,"2718 Broadway, Sydney"
TXN1000202,23586205.0,Fatima Davis,Karen Gonzalez,No,JPY,ZAR,KYC,EXTERNAL,8652.69,ATM,Critical,2023-03-04 11:31,26,Brazil,India,"9580 Broadway, Sydney"
TXN1000203,,Carlos Hernandez,,N,AUD,,Pending,EXTERNAL,3818.8,ATM,Critical,2024-09-16 06:17,36,Brazil,USA,"2025 Cedar Ln, London"
TXN1000204,39781129.0,William Malik,Richard Smith,N,BRL,AED,Unverified,inter-transaction,2350.05,Branch Counter,High,2023-10-06 14:31,65,UAE,Germany,"1090 Pine Rd, Mumbai"
TXN1000205,74764506.0,Linda Thomas,,No,CHF,EUR,KYC,inter-transaction,5225.47,ATM,Critical,2025-12-27 05:57,20,India,Canada,"9095 Oak Ave, Mumbai"
TXN1000206,15527388.0,Richard Moore,Christopher Jones,No,BRL,INR,Pending,INTERNAL,1360.34,ATM,High,2025-12-20 11:42,37,UAE,USA,"5976 View Rd, Dubai"
TXN1000207,68316409.0,Jean-Pierre Rostova,Michael Dubois,No,JPY,INR,Non-KYC,Outer-transaction,1083.94,ATM,High,2024-07-01 19:34,41,India,Brazil,"7181 Maple Dr, London"
TXN1000208,32717056.0,Susan Martin,Amir Silva,No,gbp,SGD,,Inter-transaction,11096.33,Web Portal,Medium,2020-06-26 01:37,71,India,UK,"3616 Cedar Ln, Toronto"
TXN1000209,37353754.0,Karen Taylor,Jean-Pierre Rodriguez,No,CHF,BRL,Pending,Inter-transaction,3839.29,Mobile App,High,2023-10-13 23:53,50,Germany,UK,"153 Pine Rd, New York"
TXN1000210,98597172.0,Susan Malik,Patricia Smith,No,,AUD,Pending,INTERNAL,1329.43,Web Portal,Critical,2026-08-24 04:17,41,Germany,Canada,"7504 Pine Rd, London"
TXN1000211,57698045.0,Sanjay Martinez,Elizabeth Taylor,No,USD,ZAR,Verified,Outer-transaction,2284.11,ATM,Medium,2022-06-26 15:07,53,UK,South Africa,"1729 View Rd, Sydney"
TXN1000212,67239162.0,Barbara Souza,Nancy Hernandez,No,GBP,INR,,EXTERNAL,13480.66,Web Portal,Critical,2026-11-02 19:21,55,South Africa,South Africa,"8941 Maple Dr, Toronto"
TXN1000213,29531743.0,Fatima Smith,Jean-Pierre Hernandez,Y,AUD,AUD,,Outer-transaction,1610.5,Web Portal,Low,2021-08-08 10:09,42,South Africa,Australia,"3378 Main St, London"
TXN1000214,27996802.0,Charles Malik, nancy thomas   ,Yes,CAD,GBP,KYC,inter-transaction,14253.47,Web Portal,Medium,2026-11-15 23:56,35,USA,India,"2661 Oak Ave, Sydney"
TXN1000215,43122766.0,Jessica Gonzalez,Jean-Pierre Johnson,No,AUD,BRL,,Inter-transaction,7814.53,ATM,Critical,2022-09-16 11:52,83,South Africa,UAE,"470 Oak Ave, Paris"
TXN1000216,35481281.0,Barbara Anderson,Joseph Volkov,No,AED,SGD,Unverified,EXTERNAL,6780.95,Agent Network,Low,2023-02-05 05:58,71,Germany,Brazil,"7585 Main St, Dubai"
TXN1000217,37102854.0,Carlos Anderson,Robert Rodriguez,No,ZAR,BRL,Verified,Inter-transaction,7862.02,ATM,Medium,2025-12-09 19:04,52,UK,USA,"4434 Pine Rd, Dubai"
TXN1000218,29408873.0,Linda Dubois,Elena Johnson,No,AED,BRL,Non-KYC,Inter-transaction,9342.18,Branch Counter,Low,2025-08-26 22:08,78,UK,South Africa,"6304 Main St, Dubai"
TXN1000219,70899748.0,Jessica Anderson,Robert Martin,No,INR,JPY,KYC,EXTERNAL,5241.81,Web Portal,Low,2023-05-04 15:53,58,India,Australia,"6211 Maple Dr, Mumbai"
TXN1000220,89855385.0,Christopher Silva,Karen Garcia,1,BRL,CHF,KYC,outer-transaction,12651.21,Mobile App,High,2026-07-02 13:21,50,UAE,Australia,"1022 Maple Dr, Paris"
TXN1000221,24670297.0,Christopher Al-Sayed,Sanjay Taylor,TRUE,SGD,BRL,Verified,inter-transaction,7885.61,Agent Network,High,2020-11-13 07:58,85,USA,Canada,"8057 Oak Ave, Paris"
TXN1000222,48988647.0,William Smith,Patricia Smith,No,EUR,BRL,Pending,EXTERNAL,3192.95,Web Portal,High,2024-02-11 19:50,50,India,Brazil,"9266 Broadway, Sydney"
TXN1000223,86359356.0,Nancy Smith,Amir Garcia,No,CAD,zar,,INTERNAL,13439.97,ATM,Critical,2025-07-27 13:38,31,UAE,France,"7747 Broadway, Paris"
TXN1000224,57458790.0,Robert Jones,David Khan,No,AUD,ZAR,Verified,EXTERNAL,12868.71,Mobile App,High,2025-08-04 04:49,38,South Africa,UAE,"5033 Maple Dr, London"
TXN1000225,60226379.0,Lucas Johnson,Jean-Pierre Miller,0,sgd,JPY,,INTERNAL,4662.28,Branch Counter,Medium,2021-05-17 01:10,65,India,India,"4040 Maple Dr, Sydney"
TXN1000226,51739205.0,Priya Johnson,Marta Malik,No,EUR,CAD,Pending,inter-transaction,9586.37,Web Portal,High,2025-07-15 21:39,37,Canada,Germany,"260 Maple Dr, New York"
TXN1000227,12047721.0,Nancy Moore,Charles Brown,No,CAD,JPY,KYC,inter-transaction,9202.81,Branch Counter,Critical,2020-04-28 00:30,25,South Africa,Canada,"3848 Broadway, Dubai"
TXN1000228,90010054.0,Carlos Jackson,Sanjay Khan,No,SGD,CHF,KYC,outer-transaction,8521.16,Mobile App,Critical,2021-12-10 21:43,24,UAE,UAE,"1193 Cedar Ln, Mumbai"
TXN1000229,92804565.0,  DAVID SOUZA ,Susan Gonzalez,No,ZAR,CAD,Verified,outer-transaction,6924.01,Web Portal,High,2020-02-14 01:49,84,USA,Germany,"8899 Pine Rd, Paris"
TXN1000230,50549608.0,Karen Anderson,Joseph Jackson,No,CHF,INR,Pending,outer-transaction,11766.87,ATM,High,2020-11-09 06:57,34,UAE,Germany,"9832 Maple Dr, Dubai"
TXN1000231,53671508.0,Karen Brown,Amir Anderson,No,AUD,EUR,,EXTERNAL,931.62,Web Portal,Medium,2021-02-21 16:53,50,India,Brazil,"789 View Rd, New York"
TXN1000232,52493026.0,  BARBARA JACKSON ,Lucas Souza,No,AUD,BRL,Unverified,Outer-transaction,12789.05,Mobile App,High,2023-01-06 22:45,65,India,Brazil,"2203 View Rd, Toronto"
TXN1000233,,Joseph Nair,Richard Rostova,No,AUD,AUD,Verified,outer-transaction,2322.47,Web Portal,Medium,2020-11-21 23:06,76,Brazil,USA,"8192 Broadway, Mumbai"
TXN1000234,96200382.0,Lucas Wilson,Zayn Anderson,Y,BRL,CHF,Unverified,inter-transaction,3393.86,ATM,Low,2023-12-10 21:24,39,USA,Australia,"6133 Oak Ave, Toronto"
TXN1000235,74863150.0,Elena Lopez,Patricia Jackson,No,BRL,EUR,Unverified,INTERNAL,1182.74,Agent Network,Low,2025-06-09 02:58,47,France,UAE,"1305 Cedar Ln, Dubai"
TXN1000236,17083242.0,Carlos Hernandez,Karen Dubois,No,SGD,JPY,Verified,inter-transaction,2520.95,Agent Network,High,2026-03-11 05:19,55,South Africa,Canada,"2835 Pine Rd, Sydney"
TXN1000237,48495745.0,  SARAH WILLIAMS ,Michael Taylor,No,AED,AED,Non-KYC,INTERNAL,11087.12,ATM,High,2020-03-14 01:48,68,UK,UK,"9967 Pine Rd, Mumbai"
TXN1000238,29470999.0,Nancy Souza,Amir Jones,N,AUD,AUD,Verified,Inter-transaction,9637.49,Mobile App,Low,2024-05-21 11:43,71,USA,Canada,"9406 Cedar Ln, London"
TXN1000239,62354374.0,Sarah Rodriguez,Michael Taylor,Y,USD,AED,KYC,Inter-transaction,13766.5,Branch Counter,Critical,2021-05-23 16:58,25,UK,USA,"1574 Cedar Ln, Toronto"
TXN1000240,,  JEAN-PIERRE MILLER ,Charles Hernandez,No,GBP,CAD,KYC,EXTERNAL,6694.67,Web Portal,High,2026-07-07 09:34,44,USA,India,"6496 Cedar Ln, New York"
TXN1000241,95642035.0,Patricia Rostova,Patricia Williams,Y,GBP,AUD,,Outer-transaction,3807.5,ATM,Low,2021-11-18 19:17,44,USA,Australia,"2950 Maple Dr, Toronto"
TXN1000242,18373492.0,Joseph Gonzalez,Richard Johnson,No,AED,,Unverified,Inter-transaction,2166.65,ATM,Medium,2021-10-18 12:43,38,UAE,UK,"3064 Pine Rd, Dubai"
TXN1000243,76800348.0,Michael Nair,Sanjay Smith,0,ZAR,AUD,Unverified,outer-transaction,6546.5,Mobile App,Medium,2024-03-22 16:35,47,USA,South Africa,"6744 Pine Rd, Dubai"
TXN1000244,63769608.0,Mary Nair,Sanjay Williams,No,CAD,EUR,,EXTERNAL,2873.14,ATM,Low,2023-07-16 22:31,45,Brazil,India,"265 Broadway, Dubai"
TXN1000245,42008932.0,Sarah Gonzalez, robert silva   ,No,AED,SGD,KYC,inter-transaction,11818.8,Mobile App,Critical,2023-10-31 09:10,81,France,Brazil,"1019 Oak Ave, New York"
TXN1000246,41270805.0,Priya Williams,Mary Al-Sayed,No,ZAR,usd,Non-KYC,EXTERNAL,758.87,Branch Counter,Low,2024-04-01 05:05,78,India,Germany,"1091 Maple Dr, Paris"
TXN1000247,18470495.0,Lucas Miller,Jessica Hernandez,N,BRL,ZAR,Non-KYC,Inter-transaction,8900.35,Branch Counter,Low,2022-12-11 08:46,65,Australia,South Africa,"3939 Pine Rd, London"
TXN1000248,27900736.0,Patricia Silva,Zayn Nair,No,GBP,usd,Pending,inter-transaction,6249.17,ATM,Medium,2020-11-20 01:35,36,UK,Canada,"8806 Cedar Ln, Mumbai"
TXN1000249,77093782.0,Nancy Williams,Sanjay Khan,N,cad,AUD,Verified,INTERNAL,7618.04,ATM,Medium,2022-09-18 04:16,21,India,Canada,"167 Cedar Ln, Mumbai"
TXN1000250,15786878.0,Mary Nair, susan martinez   ,No,AED,CAD,Pending,Outer-transaction,2379.1,Mobile App,Critical,2025-06-16 07:39,52,Australia,Brazil,"4578 Pine Rd, Toronto"
TXN1000251,40878564.0,Jean-Pierre Brown,Richard Davis,No,BRL,AUD,Unverified,Outer-transaction,3250.32,Agent Network,Critical,2021-12-17 21:11,81,France,USA,"3621 Oak Ave, Mumbai"
TXN1000252,86325036.0,Mary Rodriguez,Michael Brown,Y,SGD,,,INTERNAL,13584.62,Agent Network,Medium,2020-10-03 20:39,66,France,UAE,"7182 Main St, Sydney"
TXN1000253,67460000.0,Fatima Malik, elizabeth davis   ,No,CHF,INR,KYC,Inter-transaction,14869.19,Agent Network,Low,2020-05-31 18:02,34,UK,South Africa,"2358 Broadway, Toronto"
TXN1000254,11667385.0,Elena Al-Sayed,Jessica Miller,No,,INR,Pending,EXTERNAL,8759.07,ATM,Critical,2022-08-12 17:52,61,UK,South Africa,"5841 Oak Ave, Paris"
TXN1000255,61657620.0,Carlos Rostova,Richard Taylor,No,AUD,AED,Pending,inter-transaction,11039.05,Mobile App,High,2024-02-15 18:18,47,France,France,"2687 Cedar Ln, Paris"
TXN1000256,37476059.0,Michael Hernandez,Elizabeth Moore,No,SGD,BRL,Non-KYC,inter-transaction,5297.15,Branch Counter,Critical,2020-09-15 14:05,63,Australia,India,"1438 Cedar Ln, Toronto"
TXN1000257,81518649.0,Carlos Martinez,Thomas Martin,No,ZAR,brl,KYC,outer-transaction,13470.21,Branch Counter,Low,2026-06-29 15:07,23,USA,Australia,"5880 Maple Dr, London"
TXN1000258,65906603.0,  MARTA MOORE ,Priya Jones,No,AUD,SGD,Pending,EXTERNAL,5044.8,Agent Network,High,2022-05-18 15:17,54,South Africa,India,"5332 Oak Ave, Sydney"
TXN1000259,51137063.0,Linda Silva,David Davis,No,AED,USD,Pending,inter-transaction,2742.38,Web Portal,Medium,2023-04-06 19:47,41,Canada,UAE,"7945 Main St, Dubai"
TXN1000260,14655890.0,Marta Hernandez,Susan Jones,No,JPY,gbp,Unverified,inter-transaction,2349.24,Agent Network,High,2021-11-18 10:38,63,India,Canada,"4483 Pine Rd, Mumbai"
TXN1000261,,Richard Rostova,Patricia Al-Sayed,No,USD,gbp,Verified,Inter-transaction,4902.23,Agent Network,Medium,2020-11-05 16:48,70,UAE,Canada,"3061 Pine Rd, Paris"
TXN1000262,36098642.0,Sarah Hernandez,Nancy Martin,No,USD,ZAR,Verified,inter-transaction,5276.81,ATM,Low,2024-02-11 11:44,77,India,Canada,"6937 Oak Ave, Paris"
TXN1000263,66885794.0,Fatima Volkov,Jessica Jones,N,CHF,EUR,Pending,outer-transaction,1335.84,ATM,High,2021-04-17 09:06,80,UAE,France,"9390 Cedar Ln, Sydney"
TXN1000264,75845287.0,  MARY KHAN ,Amir Martinez,N,AED,sgd,,EXTERNAL,7093.39,Branch Counter,Critical,2026-11-13 13:54,49,Australia,Canada,"3816 Broadway, New York"
TXN1000265,58554539.0,Christopher Thomas,Christopher Wilson,Y,ZAR,ZAR,Verified,Outer-transaction,8729.0,Web Portal,High,2022-03-24 00:48,50,UAE,UAE,"670 Broadway, New York"
TXN1000266,49146492.0,Charles Nair,Priya Williams,No,ZAR,GBP,,inter-transaction,4079.17,Branch Counter,Low,2022-04-25 03:20,84,UK,Brazil,"2605 View Rd, Toronto"
TXN1000267,39242850.0,Michael Taylor,Elizabeth Khan,No,JPY,CHF,KYC,outer-transaction,6912.77,Mobile App,Low,2023-03-10 04:51,35,South Africa,Australia,"7082 Maple Dr, New York"
TXN1000268,55908520.0,Linda Rostova,Barbara Smith,Yes,EUR,INR,KYC,outer-transaction,10365.36,Mobile App,Low,2021-10-28 23:54,42,South Africa,UAE,"1778 Maple Dr, Dubai"
TXN1000269,43958759.0,Mary Williams,Barbara Velez,No,EUR,EUR,KYC,Outer-transaction,12689.46,Branch Counter,High,2026-04-28 06:41,71,UK,Australia,"7186 Main St, Mumbai"
TXN1000270,11876942.0,Charles Miller,Elena Miller,1,gbp,JPY,Unverified,inter-transaction,10475.01,Web Portal,Critical,2024-12-13 16:28,75,Brazil,UAE,"4849 Oak Ave, Sydney"
TXN1000271,26591378.0,Thomas Brown,Charles Jones,No,CAD,BRL,Unverified,INTERNAL,11045.25,ATM,Medium,2023-12-14 06:32,84,Australia,Canada,"4629 Main St, Paris"
TXN1000272,11716086.0,Marta Thomas,Marta Brown,No,JPY,ZAR,,Outer-transaction,980.01,Web Portal,High,2024-11-02 06:57,63,Brazil,Brazil,"7326 Pine Rd, Paris"
TXN1000273,,Christopher Rodriguez,Jean-Pierre Silva,N,AUD,CAD,Unverified,Inter-transaction,1841.63,ATM,Critical,2023-06-18 23:10,41,Brazil,South Africa,"4975 View Rd, Sydney"
TXN1000274,91145880.0,Marta Hernandez,Michael Martinez,No,EUR,EUR,Unverified,outer-transaction,7576.87,Agent Network,High,2020-12-20 08:11,49,India,India,"7489 View Rd, Toronto"
TXN1000275,33738978.0,Karen Velez,Zayn Dubois,No,BRL,GBP,,outer-transaction,9904.58,Agent Network,Critical,2025-02-15 02:03,64,France,Germany,"7423 Oak Ave, Dubai"
TXN1000276,48176560.0,Richard Johnson,John Jackson,No,CAD,CAD,Unverified,inter-transaction,14879.26,ATM,High,2025-07-17 03:27,40,India,Brazil,"4208 Cedar Ln, London"
TXN1000277,55311134.0,Linda Smith,Karen Hernandez,No,ZAR,AUD,Verified,outer-transaction,8559.6,Branch Counter,Low,2020-06-28 12:22,83,France,South Africa,"9096 Main St, Dubai"
TXN1000278,58765904.0,Jessica Miller,Sarah Nair,N,EUR,JPY,Pending,EXTERNAL,14369.54,Agent Network,Low,2020-03-06 18:41,44,Canada,USA,"3975 View Rd, London"
TXN1000279,77731571.0,Lucas Martinez,Jessica Velez,No,INR,AUD,KYC,EXTERNAL,10552.94,Web Portal,Critical,2022-03-30 04:38,19,UAE,UAE,"9902 Maple Dr, Toronto"
TXN1000280,68213514.0,Priya Jackson,Fatima Nair,No,INR,CAD,Unverified,inter-transaction,12904.19,Mobile App,Medium,2023-10-03 23:15,34,France,USA,"7275 Cedar Ln, London"
TXN1000281,13718391.0,Elizabeth Silva, amir martinez   ,No,JPY,AUD,Verified,EXTERNAL,8265.08,Mobile App,Critical,2020-06-19 00:11,50,UK,South Africa,"5121 Main St, Sydney"
TXN1000282,98238841.0,Carlos Williams,Joseph Khan,Yes,GBP,INR,Pending,inter-transaction,7451.8,Mobile App,Medium,2026-11-26 01:06,26,India,Brazil,"6682 View Rd, Dubai"
TXN1000283,24336334.0,,David Anderson,No,CHF,USD,,Outer-transaction,14450.1,Web Portal,High,2023-10-22 10:30,60,Australia,UAE,"5966 Broadway, Mumbai"
TXN1000284,17337997.0,Elena Souza,Lucas Velez,No,JPY,AUD,Non-KYC,outer-transaction,5833.18,ATM,High,2023-02-04 12:30,65,UAE,Germany,"9246 Broadway, Toronto"
TXN1000285,96493863.0,Jessica Silva,Mary Rodriguez,Y,SGD,SGD,KYC,Outer-transaction,10480.25,Agent Network,Low,2026-10-22 01:38,56,Canada,Canada,"7482 Broadway, New York"
TXN1000286,34661114.0,Sanjay Anderson,Lucas Nair,No,AUD,INR,,Outer-transaction,12705.94,ATM,High,2022-04-14 14:56,59,France,UAE,"2359 Cedar Ln, London"
TXN1000287,65632768.0,Susan Garcia,Joseph Volkov,No,chf,,KYC,outer-transaction,2982.01,Web Portal,Low,2020-08-14 10:33,43,Canada,UAE,"564 Broadway, Paris"
TXN1000288,80576741.0,Jessica Dubois,Priya Souza,No,ZAR,SGD,Verified,EXTERNAL,7417.58,Web Portal,Critical,2021-03-17 06:03,67,Australia,Brazil,"6874 Main St, Paris"
TXN1000289,48949039.0,David Davis,Nancy Anderson,0,CAD,chf,,outer-transaction,10305.92,ATM,Critical,2026-09-09 10:28,42,Brazil,Brazil,"9176 View Rd, Dubai"
TXN1000290,90293348.0,Elena Al-Sayed,Lucas Johnson,No,JPY,CHF,KYC,INTERNAL,2698.79,Web Portal,Critical,2021-12-28 01:15,41,South Africa,South Africa,"6519 Maple Dr, Paris"
TXN1000291,77002914.0,Zayn Khan,David Al-Sayed,No,AUD,AED,Unverified,Outer-transaction,4739.99,ATM,Medium,2024-05-23 06:12,30,Australia,UK,"5850 Maple Dr, New York"
TXN1000292,76425800.0,Mary Anderson,Susan Rostova,No,SGD,SGD,Verified,Outer-transaction,12525.96,Agent Network,High,2025-11-01 04:16,77,Germany,UAE,"3956 Oak Ave, Dubai"
TXN1000293,54111700.0,  JOHN MARTINEZ ,Marta Velez,No,CAD,CHF,,EXTERNAL,7203.03,Branch Counter,Low,2022-11-02 20:43,24,Australia,India,"9216 Pine Rd, Dubai"
TXN1000294,27357063.0,William Malik,Mary Silva,No,CAD,USD,Non-KYC,outer-transaction,1346.93,Web Portal,Medium,2025-01-06 18:06,74,Canada,UAE,"1646 Oak Ave, London"
TXN1000295,51621092.0,Carlos Velez,Nancy Jones,No,EUR,CAD,Unverified,Inter-transaction,11349.79,Branch Counter,Medium,2025-01-22 05:07,53,UK,South Africa,"1194 Maple Dr, London"
TXN1000296,76481027.0,Charles Nair,Sanjay Taylor,No,sgd,AUD,Verified,Outer-transaction,7851.15,Branch Counter,Low,2021-05-07 12:36,62,India,Australia,"9054 Maple Dr, London"
TXN1000297,44206757.0,  CHRISTOPHER WILLIAMS ,Jean-Pierre Taylor,No,BRL,ZAR,,inter-transaction,4716.06,ATM,Critical,2024-03-28 01:40,37,UK,USA,"2875 Oak Ave, Sydney"
TXN1000298,24271459.0,,John Smith,No,USD,GBP,,outer-transaction,4548.97,Agent Network,High,2023-02-17 10:23,82,Canada,Canada,"6728 Maple Dr, Toronto"
TXN1000299,38082305.0,Sarah Nair, michael nair   ,No,ZAR,JPY,Non-KYC,Outer-transaction,11084.33,ATM,Critical,2022-08-27 05:25,25,India,UK,"8072 View Rd, New York"
TXN1000300,23779264.0,  SANJAY MALIK ,Elena Wilson,TRUE,SGD,BRL,Pending,INTERNAL,10871.97,ATM,Medium,2026-07-28 06:56,33,Germany,Germany,"8875 Maple Dr, Paris"
TXN1000301,76409428.0,Nancy Nair,Susan Anderson,No,USD,GBP,,inter-transaction,13826.82,ATM,Medium,2025-09-18 06:18,31,South Africa,Germany,"6126 View Rd, Mumbai"
TXN1000302,31746728.0,Nancy Miller,Barbara Rostova,Yes,ZAR,SGD,Unverified,inter-transaction,3528.44,Agent Network,Low,2021-10-01 05:42,32,UAE,Germany,"961 Maple Dr, London"
TXN1000303,55329991.0,  JESSICA BROWN ,Nancy Davis,No,INR,SGD,Verified,Outer-transaction,12802.59,Agent Network,Low,2020-06-21 10:38,83,Canada,Brazil,"4234 Maple Dr, New York"
TXN1000304,23672496.0,Amir Moore,Mary Taylor,No,ZAR,EUR,Pending,outer-transaction,10990.95,Mobile App,Medium,2024-04-19 01:18,49,France,Germany,"7687 Cedar Ln, Mumbai"
TXN1000305,73574016.0,Richard Martinez,Charles Garcia,No,CAD,BRL,Unverified,Outer-transaction,2078.54,ATM,Critical,2020-09-15 03:57,80,Canada,Canada,"4231 Cedar Ln, London"
TXN1000306,79437366.0,Robert Williams,Richard Hernandez,No,gbp,,KYC,EXTERNAL,14700.91,Agent Network,High,2021-05-31 05:48,68,Canada,USA,"5557 View Rd, Paris"
TXN1000307,47551535.0,Carlos Taylor,Nancy Souza,No,AUD,SGD,Verified,EXTERNAL,6073.54,Web Portal,High,2021-06-06 04:27,42,India,Germany,"1979 Broadway, Paris"
TXN1000308,22458031.0,Charles Moore,Barbara Taylor,No,zar,GBP,Verified,EXTERNAL,6346.96,Agent Network,Low,2025-04-01 06:08,75,USA,UAE,"7642 Pine Rd, Sydney"
TXN1000309,10699730.0,Thomas Hernandez,Elizabeth Silva,Yes,CHF,CHF,Verified,inter-transaction,10007.17,Agent Network,Medium,2025-12-04 00:00,80,Australia,UAE,"3473 View Rd, Mumbai"
TXN1000310,67135430.0,Amir Wilson,Robert Williams,No,GBP,SGD,Unverified,inter-transaction,8768.71,ATM,Critical,2026-02-09 18:05,79,USA,Brazil,"1389 View Rd, Toronto"
TXN1000311,81020117.0,Patricia Rostova,William Anderson,No,BRL,GBP,KYC,inter-transaction,8580.75,Mobile App,Medium,2025-04-13 17:09,39,Germany,Canada,"6159 Maple Dr, Dubai"
TXN1000312,16529832.0,Priya Volkov,Barbara Volkov,No,GBP,BRL,Pending,inter-transaction,8490.8,Branch Counter,Critical,2023-02-13 10:32,75,France,USA,"5562 Main St, New York"
TXN1000313,53649791.0,Robert Silva,Nancy Velez,No,AUD,inr,Verified,EXTERNAL,1337.06,Web Portal,Low,2026-01-18 00:12,75,South Africa,UK,"3418 Broadway, Paris"
TXN1000314,86536905.0,Charles Miller,Jean-Pierre Thomas,No,USD,EUR,,INTERNAL,6669.0,Agent Network,High,2022-04-18 04:19,66,Brazil,South Africa,"7757 Main St, Paris"
TXN1000315,61272646.0,David Williams,Patricia Brown,No,AED,GBP,KYC,INTERNAL,14417.24,Web Portal,Low,2022-12-25 00:51,69,Germany,USA,"6424 Oak Ave, New York"
TXN1000316,16962963.0,  WILLIAM DAVIS ,Jean-Pierre Martin,No,SGD,JPY,Unverified,Inter-transaction,7267.73,ATM,Medium,2022-12-29 02:17,59,Brazil,South Africa,"5308 Oak Ave, Toronto"
TXN1000317,64592513.0,Thomas Williams,Zayn Nair,No,GBP,CAD,Pending,outer-transaction,636.46,ATM,High,2026-10-30 08:13,32,Brazil,Australia,"5167 Main St, Paris"
TXN1000318,94853379.0,William Jackson,Amir Taylor,No,GBP,BRL,,INTERNAL,14982.33,ATM,Medium,2026-09-29 16:54,71,South Africa,South Africa,"2253 Broadway, Paris"
TXN1000319,53169555.0,Richard Miller,Thomas Martin,No,BRL,GBP,Unverified,INTERNAL,13430.07,ATM,Critical,2026-10-24 13:28,77,UK,India,"7074 Broadway, Paris"
TXN1000320,60516391.0,  AMIR MARTIN ,Susan Gonzalez,No,BRL,USD,Verified,EXTERNAL,13821.77,Branch Counter,Medium,2025-05-23 03:36,25,USA,UAE,"7792 Main St, New York"
TXN1000321,91339562.0,William Smith,William Khan,No,EUR,AED,,INTERNAL,8481.45,Mobile App,Medium,2026-11-16 20:16,70,Canada,Canada,"4235 Maple Dr, London"
TXN1000322,13102778.0,Elena Velez,Karen Martin,No,jpy,SGD,Verified,outer-transaction,12666.68,ATM,High,2026-09-09 21:24,77,UAE,France,"7224 Oak Ave, Mumbai"
TXN1000323,66379776.0,Karen Anderson,Richard Smith,No,CAD,EUR,KYC,Outer-transaction,2961.18,Branch Counter,High,2024-04-23 01:54,22,Brazil,Brazil,"546 Maple Dr, Sydney"
TXN1000324,43609390.0,Elizabeth Brown,Sarah Davis,1,USD,cad,KYC,EXTERNAL,6702.38,Mobile App,Low,2024-04-29 21:04,85,France,India,"3209 Pine Rd, Sydney"
TXN1000325,50462762.0,Nancy Nair,Jessica Williams,No,usd,JPY,Pending,EXTERNAL,9363.88,ATM,Critical,2026-09-08 03:35,23,Germany,South Africa,"326 Oak Ave, Paris"
TXN1000326,88894973.0,William Brown,Patricia Smith,No,EUR,CHF,Unverified,outer-transaction,10872.1,ATM,Medium,2026-07-01 05:51,64,UK,Germany,"286 Main St, Dubai"
TXN1000327,88338313.0,Carlos Moore,Jean-Pierre Jones,No,AED,chf,KYC,Outer-transaction,7611.55,Agent Network,Low,2023-01-19 20:12,72,Brazil,Canada,"2635 Cedar Ln, Mumbai"
TXN1000328,72733686.0,Nancy Rostova,Richard Malik,No,CAD,CHF,Unverified,Outer-transaction,13800.1,Web Portal,Medium,2022-01-19 21:36,57,UK,India,"9140 Main St, Mumbai"
TXN1000329,34728879.0,Amir Smith,Susan Smith,No,USD,JPY,KYC,Inter-transaction,2994.85,Branch Counter,Medium,2022-12-29 22:24,69,UK,Brazil,"5609 Pine Rd, Mumbai"
TXN1000330,23581521.0,John Khan,Marta Jones,No,EUR,CAD,Pending,INTERNAL,13226.14,Mobile App,Low,2023-04-04 22:38,33,Brazil,UAE,"1981 View Rd, Paris"
TXN1000331,16200213.0,Jean-Pierre Martin,Christopher Miller,Y,AED,GBP,Pending,outer-transaction,3146.47,Mobile App,Critical,2026-03-11 19:32,30,India,Canada,"4505 Maple Dr, Sydney"
TXN1000332,60181152.0,Charles Rostova,Sarah Rostova,1,SGD,AED,Non-KYC,outer-transaction,12948.89,ATM,Medium,2025-02-18 13:55,47,Australia,Brazil,"1674 Main St, Mumbai"
TXN1000333,49600674.0,Thomas Taylor,Susan Davis,No,SGD,JPY,Verified,inter-transaction,5741.74,Web Portal,Critical,2024-11-22 03:16,36,France,Australia,"1795 Pine Rd, Dubai"
TXN1000334,47101128.0,Priya Davis,Patricia Brown,No,USD,JPY,,inter-transaction,2867.73,Agent Network,Medium,2026-08-13 20:45,34,Canada,Australia,"3362 View Rd, Sydney"
TXN1000335,97954019.0,John Thomas,Sanjay Taylor,TRUE,GBP,AUD,Pending,outer-transaction,10840.43,ATM,High,2024-05-26 15:45,80,Canada,Brazil,"152 View Rd, Toronto"
TXN1000336,60291405.0,Michael Jackson,Zayn Jones,No,BRL,USD,Unverified,EXTERNAL,8068.68,Branch Counter,Low,2020-02-18 15:55,36,France,India,"7679 Pine Rd, Mumbai"
TXN1000337,62463815.0,Joseph Miller,Joseph Williams,No,INR,SGD,KYC,EXTERNAL,8298.07,Mobile App,Critical,2022-12-11 19:28,75,India,Canada,"7001 Oak Ave, Dubai"
TXN1000338,17711235.0,Susan Taylor, john garcia   ,No,AUD,AUD,Non-KYC,Outer-transaction,13058.03,Branch Counter,Critical,2023-08-05 07:23,72,Canada,India,"6955 Broadway, Dubai"
TXN1000339,29151794.0,Thomas Williams, amir gonzalez   ,No,INR,JPY,KYC,inter-transaction,9698.02,ATM,High,2024-07-07 02:24,79,UK,UK,"9521 Pine Rd, London"
TXN1000340,61628861.0,Priya Velez,Linda Rostova,No,AUD,BRL,Verified,EXTERNAL,13745.28,Web Portal,Critical,2025-12-20 18:32,40,South Africa,South Africa,"4582 Pine Rd, Sydney"
TXN1000341,43925761.0,William Taylor,Mary Anderson,No,ZAR,BRL,KYC,Inter-transaction,3766.58,Web Portal,High,2023-04-04 01:14,26,Germany,UK,"9118 Broadway, Mumbai"
TXN1000342,31658249.0,Linda Khan,John Martin,No,AED,eur,Non-KYC,outer-transaction,5377.72,Web Portal,Low,2023-10-29 21:59,29,USA,Australia,"5474 Cedar Ln, Dubai"
TXN1000343,51382580.0,Thomas Johnson,Nancy Smith,No,AUD,INR,KYC,inter-transaction,12309.69,Mobile App,Medium,2026-08-17 09:17,18,Canada,UAE,"407 Main St, Paris"
TXN1000344,93842238.0,William Souza,Karen Gonzalez,0,EUR,INR,Unverified,Outer-transaction,6887.05,Mobile App,High,2025-01-02 21:45,75,France,USA,"4920 Oak Ave, Sydney"
TXN1000345,86397410.0,Linda Rodriguez,Patricia Martin,No,ZAR,BRL,,inter-transaction,14670.54,ATM,Low,2021-04-23 16:26,18,South Africa,South Africa,"3658 Broadway, Dubai"
TXN1000346,11783979.0,  ELIZABETH SMITH ,Nancy Dubois,Y,AED,INR,Verified,Outer-transaction,2283.54,Web Portal,Low,2022-04-11 12:32,51,Brazil,Australia,"6631 Cedar Ln, Mumbai"
TXN1000347,15316025.0,Charles Silva,Jessica Nair,N,USD,INR,,Outer-transaction,12023.76,Web Portal,Critical,2024-06-02 04:25,65,Australia,India,"3085 Oak Ave, New York"
TXN1000348,37409946.0,Michael Williams,Linda Jackson,No,INR,INR,Unverified,Outer-transaction,9091.71,Branch Counter,High,2021-11-12 12:26,18,France,India,"8567 Maple Dr, Mumbai"
TXN1000349,69240493.0,Jessica Taylor,Nancy Al-Sayed,No,gbp,SGD,Pending,INTERNAL,2300.45,Web Portal,High,2023-08-16 13:23,33,UK,India,"436 View Rd, Sydney"
TXN1000350,30766764.0,Priya Miller,John Smith,Y,BRL,BRL,Unverified,outer-transaction,4624.08,Agent Network,Low,2020-03-22 02:46,78,Australia,UAE,"4068 Broadway, Mumbai"
TXN1000351,56785439.0,Charles Rostova, sarah nair   ,No,BRL,USD,Verified,EXTERNAL,10601.32,Mobile App,Medium,2020-03-27 18:48,81,Germany,UK,"3229 Oak Ave, Toronto"
TXN1000352,25667321.0,Jean-Pierre Williams,Sanjay Rostova,0,AUD,BRL,Unverified,inter-transaction,10380.63,Agent Network,Critical,2026-03-22 02:47,80,Germany,USA,"4304 Broadway, Dubai"
TXN1000353,29154679.0,David Al-Sayed,William Souza,Yes,brl,AED,Unverified,INTERNAL,6258.47,Branch Counter,Critical,2025-08-25 13:11,39,India,India,"8619 Pine Rd, London"
TXN1000354,38531115.0,Linda Miller,Mary Al-Sayed,No,INR,AED,,Outer-transaction,1206.35,Mobile App,Critical,2022-04-01 11:28,84,UAE,France,"1234 Pine Rd, Mumbai"
TXN1000355,10969945.0,Marta Jackson,Lucas Johnson,No,JPY,USD,Verified,INTERNAL,6447.51,Branch Counter,High,2020-06-11 10:16,43,India,South Africa,"8202 Cedar Ln, New York"
TXN1000356,71326664.0,Zayn Rostova,,N,GBP,USD,Verified,outer-transaction,9279.09,ATM,Critical,2026-07-25 07:48,33,South Africa,Canada,"8447 Main St, Mumbai"
TXN1000357,53691252.0,Marta Anderson,Elizabeth Martin,No,BRL,CHF,,EXTERNAL,13578.99,ATM,High,2025-04-16 20:56,68,Australia,France,"3443 Broadway, London"
TXN1000358,21689007.0,Barbara Khan,Marta Moore,TRUE,SGD,GBP,Non-KYC,EXTERNAL,10501.64,Mobile App,Critical,2025-01-24 22:19,74,UAE,USA,"821 Broadway, New York"
TXN1000359,26521948.0,Marta Jones,Priya Moore,No,SGD,EUR,KYC,EXTERNAL,5154.95,ATM,Critical,2025-02-03 10:56,46,Brazil,UAE,"3457 Broadway, Mumbai"
TXN1000360,25583513.0,Christopher Lopez,Michael Malik,No,AUD,CHF,Unverified,inter-transaction,11571.5,Web Portal,Medium,2023-01-20 01:09,64,UK,USA,"6851 Oak Ave, Mumbai"
TXN1000361,71174364.0,Michael Martin,Barbara Jones,Yes,BRL,USD,,INTERNAL,7179.46,Web Portal,Critical,2026-02-06 09:42,79,Australia,Canada,"1217 Oak Ave, Mumbai"
TXN1000362,40208616.0,Elena Al-Sayed,Mary Souza,Y,GBP,SGD,KYC,INTERNAL,5890.36,ATM,Critical,2025-02-25 05:35,33,India,South Africa,"1747 Broadway, New York"
TXN1000363,23062011.0,Michael Hernandez,Jean-Pierre Silva,No,USD,BRL,Non-KYC,Outer-transaction,3279.87,Web Portal,Low,2026-12-15 23:11,65,USA,Canada,"6871 Broadway, New York"
TXN1000364,32578497.0,Priya Johnson,Patricia Lopez,TRUE,GBP,USD,,outer-transaction,3682.57,Mobile App,Medium,2022-07-11 10:54,56,UAE,Brazil,"2861 Maple Dr, Paris"
TXN1000365,98384904.0,Robert Dubois,Thomas Malik,N,AUD,aed,,EXTERNAL,13628.09,Web Portal,Low,2025-12-15 22:26,50,UAE,South Africa,"7169 Main St, New York"
TXN1000366,86695110.0,Michael Brown,Richard Williams,Yes,JPY,GBP,,outer-transaction,968.34,Agent Network,Low,2023-12-20 12:36,40,UK,USA,"2796 View Rd, Paris"
TXN1000367,15253706.0,Michael Jackson,William Nair,No,JPY,AED,Pending,Outer-transaction,6351.54,Mobile App,Medium,2024-05-01 05:00,27,Canada,India,"3172 Maple Dr, Toronto"
TXN1000368,57260360.0,Nancy Moore,Charles Miller,No,ZAR,USD,Pending,INTERNAL,3248.44,Branch Counter,High,2021-07-18 05:49,51,Germany,USA,"3891 Main St, Paris"
TXN1000369,44115380.0,Marta Wilson,,No,EUR,ZAR,,EXTERNAL,12309.42,Agent Network,Medium,2026-11-05 21:40,69,Germany,USA,"1604 Cedar Ln, Dubai"
TXN1000370,24762625.0,Marta Moore,Jessica Williams,No,EUR,CAD,KYC,outer-transaction,14692.48,Web Portal,Critical,2021-04-15 23:24,27,USA,South Africa,"5148 Pine Rd, Dubai"
TXN1000371,86793756.0,Zayn Martinez,Karen Rodriguez,No,USD,GBP,Pending,INTERNAL,8923.31,ATM,Critical,2022-09-14 14:25,36,South Africa,Brazil,"9636 Pine Rd, London"
TXN1000372,95791097.0,Susan Rostova,Jean-Pierre Davis,No,AUD,BRL,Unverified,INTERNAL,14125.74,Web Portal,High,2025-04-18 07:50,75,South Africa,USA,"9174 Pine Rd, Paris"
TXN1000373,87217700.0,Mary Williams,,No,SGD,USD,Pending,EXTERNAL,14969.34,Agent Network,Low,2020-08-11 23:47,18,Brazil,France,"7950 Broadway, New York"
TXN1000374,98741286.0,Priya Khan,Carlos Taylor,No,USD,CHF,Non-KYC,Inter-transaction,5512.09,Web Portal,High,2026-01-10 05:05,21,Australia,Australia,"1604 Oak Ave, Mumbai"
TXN1000375,25819626.0,Barbara Martinez,Sarah Martinez,No,USD,BRL,,Inter-transaction,14031.86,Agent Network,Critical,2020-12-16 21:34,33,France,Germany,"4024 Broadway, Dubai"
TXN1000376,57584523.0,  JOHN BROWN ,Jessica Thomas,No,JPY,JPY,Verified,Outer-transaction,7065.77,Branch Counter,High,2025-04-12 09:00,41,Canada,Germany,"8200 Cedar Ln, Toronto"
TXN1000377,57477880.0,Fatima Wilson,John Lopez,Y,BRL,INR,KYC,Outer-transaction,9996.41,ATM,High,2020-12-14 13:35,19,India,USA,"5017 Main St, New York"
TXN1000378,77358318.0,Fatima Souza, fatima khan   ,N,GBP,EUR,,Outer-transaction,790.08,Branch Counter,Critical,2020-06-30 11:37,49,France,France,"4422 Pine Rd, Toronto"
TXN1000379,43482865.0,David Dubois,Patricia Malik,No,,INR,,INTERNAL,9170.4,Web Portal,Medium,2021-09-28 10:11,41,France,India,"7099 Main St, Mumbai"
TXN1000380,16839113.0,Joseph Wilson,Charles Martinez,Yes,INR,INR,Verified,inter-transaction,4215.53,Branch Counter,Critical,2022-10-14 09:49,29,UAE,UAE,"7382 Oak Ave, Paris"
TXN1000381,91405981.0,Patricia Wilson,Linda Rodriguez,1,CAD,cad,Verified,inter-transaction,11121.97,Branch Counter,High,2026-02-04 06:06,67,USA,UAE,"1974 Broadway, Sydney"
TXN1000382,88726945.0,Priya Volkov,Sanjay Khan,No,BRL,SGD,Non-KYC,INTERNAL,10814.33,Mobile App,Medium,2022-02-10 10:35,52,Germany,South Africa,"8564 View Rd, Toronto"
TXN1000383,59125302.0,  THOMAS NAIR ,Elena Brown,0,EUR,SGD,,Outer-transaction,4351.95,Agent Network,Low,2022-10-12 19:30,50,Brazil,Germany,"1151 Oak Ave, Dubai"
TXN1000384,61559796.0,  KAREN DUBOIS ,Joseph Gonzalez,No,inr,GBP,Pending,outer-transaction,7562.23,Agent Network,High,2025-10-12 00:12,50,South Africa,USA,"7638 Maple Dr, Sydney"
TXN1000385,29882943.0,Carlos Rodriguez,Priya Jones,No,USD,ZAR,,INTERNAL,14583.56,Branch Counter,Low,2020-01-29 17:40,78,USA,UAE,"6420 Pine Rd, Sydney"
TXN1000386,39431208.0,Fatima Rodriguez,Linda Rodriguez,TRUE,JPY,ZAR,Unverified,EXTERNAL,3867.6,Agent Network,Medium,2026-08-16 23:23,68,UAE,USA,"2205 Cedar Ln, Sydney"
TXN1000387,68237550.0,Susan Jones,Carlos Thomas,No,GBP,SGD,,inter-transaction,325.5,Web Portal,Medium,2025-11-14 08:30,60,India,South Africa,"7837 Main St, New York"
TXN1000388,80703020.0,Michael Al-Sayed,Jean-Pierre Silva,No,EUR,aud,Non-KYC,Outer-transaction,11554.06,Branch Counter,Medium,2025-03-08 22:40,29,Brazil,Germany,"1351 Broadway, Sydney"
TXN1000389,85544613.0,Carlos Anderson, amir garcia   ,No,SGD,GBP,KYC,Inter-transaction,8174.19,Mobile App,Critical,2024-01-05 09:59,84,UAE,Canada,"1617 Pine Rd, London"
TXN1000390,61639439.0,Marta Volkov,Elena Khan,0,SGD,GBP,Verified,Inter-transaction,5413.8,Mobile App,Low,2023-05-11 01:37,82,Germany,Australia,"9670 View Rd, Toronto"
TXN1000391,48521233.0,Susan Volkov, patricia rodriguez   ,0,ZAR,CAD,Non-KYC,EXTERNAL,2207.37,Web Portal,Critical,2025-08-30 14:02,50,Germany,Australia,"4991 Main St, London"
TXN1000392,22139593.0,Richard Jones,Linda Dubois,No,CAD,SGD,,Outer-transaction,5753.95,Agent Network,Critical,2023-01-30 10:30,57,Germany,UAE,"2963 Main St, Paris"
TXN1000393,39438509.0,  ELENA WILLIAMS ,Elizabeth Lopez,No,USD,CAD,Non-KYC,inter-transaction,6911.22,Agent Network,Critical,2020-03-06 05:02,60,USA,Australia,"6703 Oak Ave, Sydney"
TXN1000394,67003442.0,Susan Johnson,Elena Brown,No,EUR,sgd,KYC,Inter-transaction,8542.06,ATM,Medium,2023-02-08 23:10,61,USA,Canada,"4105 Maple Dr, Toronto"
TXN1000395,96549919.0,Elena Smith,Barbara Brown,No,ZAR,USD,Unverified,INTERNAL,10673.99,Branch Counter,High,2020-12-03 14:44,46,South Africa,USA,"283 Maple Dr, Paris"
TXN1000396,93086647.0,Mary Davis,Joseph Garcia,N,JPY,CHF,Unverified,Outer-transaction,829.53,Branch Counter,Critical,2025-12-10 19:27,30,South Africa,South Africa,"6715 Broadway, Dubai"
TXN1000397,24289429.0,,Nancy Smith,N,AED,inr,Pending,Inter-transaction,8460.45,ATM,Low,2024-09-24 09:37,29,India,Canada,"8828 Broadway, London"
TXN1000398,62430988.0,Fatima Lopez, michael rostova   ,No,CAD,AUD,Unverified,outer-transaction,8799.51,Mobile App,High,2021-03-22 14:56,63,Brazil,South Africa,"5798 Oak Ave, Dubai"
TXN1000399,97807942.0,Michael Dubois,Elena Garcia,FALSE,JPY,JPY,Non-KYC,inter-transaction,4369.72,Agent Network,Critical,2020-10-07 17:49,19,UK,South Africa,"1196 Oak Ave, Sydney"
TXN1000400,76776383.0,Patricia Silva,John Jones,N,AED,JPY,Non-KYC,inter-transaction,2430.47,Branch Counter,High,2021-08-18 06:14,52,UK,Germany,"8102 Cedar Ln, Toronto"
TXN1000401,97280725.0,Priya Jones,Patricia Jackson,No,CAD,,Pending,inter-transaction,5611.51,ATM,Critical,2025-06-09 17:17,25,UAE,USA,"3454 Main St, Paris"
TXN1000402,24132859.0,Barbara Gonzalez,Linda Jackson,No,EUR,INR,Unverified,Inter-transaction,1296.48,Mobile App,Critical,2022-12-10 19:40,43,Germany,France,"1286 Maple Dr, New York"
TXN1000403,47362868.0,Thomas Johnson, karen jones   ,1,GBP,ZAR,Verified,outer-transaction,14678.63,Web Portal,Low,2020-07-28 23:01,51,Brazil,Australia,"6405 Broadway, Paris"
TXN1000404,50042087.0,Zayn Rostova,Thomas Malik,No,INR,zar,Verified,Outer-transaction,2987.09,ATM,Critical,2020-05-05 07:19,24,France,France,"7095 Maple Dr, Paris"
TXN1000405,85283856.0,Lucas Volkov,Nancy Miller,No,ZAR,CHF,,EXTERNAL,4754.56,Web Portal,Critical,2021-05-06 01:42,85,USA,Germany,"7399 Broadway, Paris"
TXN1000406,26873477.0,Sanjay Anderson,Sanjay Jackson,No,INR,BRL,Verified,Outer-transaction,14286.13,Agent Network,Low,2022-08-27 06:37,75,Australia,South Africa,"6611 Main St, Dubai"
TXN1000407,65573350.0,Jessica Lopez,,No,JPY,CAD,Pending,outer-transaction,5729.63,ATM,High,2021-08-03 09:04,46,Canada,UAE,"3772 Oak Ave, Dubai"
TXN1000408,93728466.0,Priya Moore,Patricia Nair,No,CHF,USD,,Outer-transaction,12846.58,Mobile App,High,2026-04-24 10:00,53,India,Australia,"4070 Oak Ave, Mumbai"
TXN1000409,48064741.0,  DAVID VOLKOV ,Marta Rodriguez,No,AUD,ZAR,Verified,INTERNAL,12302.32,Agent Network,High,2023-04-26 01:55,38,Germany,Australia,"5652 Maple Dr, Dubai"
TXN1000410,87558199.0,,,TRUE,GBP,AUD,Pending,Inter-transaction,9475.3,ATM,High,2020-08-17 00:18,53,Germany,USA,"6689 Cedar Ln, New York"
TXN1000411,82970485.0,Priya Williams,Christopher Gonzalez,No,BRL,GBP,Non-KYC,inter-transaction,2915.5,Web Portal,Critical,2020-07-07 01:20,27,Germany,Brazil,"2441 Cedar Ln, Paris"
TXN1000412,71623079.0,Priya Martin,Patricia Brown,No,AED,,Unverified,Inter-transaction,6212.04,ATM,Low,2025-08-19 19:22,41,USA,UK,"8285 Oak Ave, Dubai"
TXN1000413,33981630.0,Marta Jackson,Sanjay Martin,Y,EUR,CAD,,inter-transaction,13899.48,Web Portal,Low,2021-05-16 20:23,81,USA,UK,"5143 Broadway, Dubai"
TXN1000414,21199497.0,Fatima Rostova,Michael Rodriguez,No,INR,EUR,Pending,outer-transaction,13836.0,Branch Counter,Medium,2025-11-02 03:11,66,Canada,UK,"7292 Cedar Ln, New York"
TXN1000415,37626276.0,Fatima Thomas,Jessica Volkov,No,CHF,BRL,Verified,inter-transaction,13469.44,Mobile App,Critical,2020-02-18 21:19,53,France,Brazil,"2772 Pine Rd, Sydney"
TXN1000416,63459816.0,John Brown,Linda Silva,No,GBP,CAD,KYC,inter-transaction,10327.5,Branch Counter,Medium,2021-11-19 17:00,41,Brazil,USA,"9618 Broadway, Sydney"
TXN1000417,85290602.0,David Rostova,Nancy Volkov,N,ZAR,EUR,Non-KYC,Outer-transaction,754.4,ATM,Critical,2021-01-21 00:23,40,Germany,Brazil,"190 Oak Ave, Mumbai"
TXN1000418,12393947.0,Sanjay Silva,Zayn Jackson,TRUE,SGD,aed,Verified,EXTERNAL,253.92,ATM,Low,2022-08-27 13:35,79,UK,UK,"4159 Pine Rd, Dubai"
TXN1000419,62791522.0,Barbara Rostova,Thomas Thomas,N,EUR,CAD,Verified,EXTERNAL,10866.56,Web Portal,Medium,2022-10-02 04:10,54,South Africa,Germany,"9978 Pine Rd, London"
TXN1000420,44854691.0,Carlos Silva,Mary Brown,No,AED,EUR,Non-KYC,INTERNAL,6915.8,Web Portal,High,2026-03-15 23:59,29,UK,Canada,"4540 Maple Dr, New York"
TXN1000421,74146251.0,Marta Thomas,David Hernandez,N,SGD,INR,Non-KYC,EXTERNAL,9710.54,Web Portal,Low,2024-09-20 22:12,72,UAE,South Africa,"3883 Broadway, Toronto"
TXN1000422,89258668.0,Jean-Pierre Taylor,Charles Malik,No,AED,BRL,Verified,outer-transaction,14626.22,Agent Network,Medium,2025-06-27 15:23,30,UK,Brazil,"4768 Cedar Ln, London"
TXN1000423,24384568.0,Fatima Brown,Elizabeth Smith,Y,gbp,AED,KYC,inter-transaction,6477.79,Web Portal,Critical,2026-04-21 12:23,40,UAE,USA,"1816 Broadway, Mumbai"
TXN1000424,36029062.0,Barbara Miller,Joseph Garcia,No,JPY,CHF,Non-KYC,Inter-transaction,806.54,Mobile App,High,2026-04-02 21:25,47,Australia,USA,"4638 Cedar Ln, Dubai"
TXN1000425,46006180.0,Sarah Miller,Linda Silva,No,ZAR,aed,Pending,outer-transaction,11088.97,Web Portal,Medium,2024-05-26 01:15,34,South Africa,France,"4032 Cedar Ln, New York"
TXN1000426,12795332.0,Linda Rodriguez,Carlos Williams,No,USD,chf,KYC,Inter-transaction,8513.33,Branch Counter,Medium,2024-11-24 05:45,79,UK,Canada,"7716 Maple Dr, Toronto"
TXN1000427,83244637.0,David Velez,Sarah Rodriguez,No,USD,CAD,,outer-transaction,1700.29,Agent Network,Low,2020-09-27 00:48,30,Australia,UAE,"5998 Maple Dr, Sydney"
TXN1000428,67810328.0,Susan Miller,Fatima Williams,No,AUD,ZAR,Pending,Outer-transaction,3986.99,Branch Counter,High,2020-05-02 10:50,76,India,Australia,"5039 Broadway, London"
TXN1000429,26503581.0,,Thomas Jackson,1,CAD,AED,Pending,inter-transaction,9360.69,Web Portal,High,2023-07-04 02:42,36,Brazil,UK,"990 Broadway, Mumbai"
TXN1000430,51046667.0,John Wilson,Susan Velez,N,USD,AED,Pending,Outer-transaction,14305.74,Branch Counter,Medium,2023-12-15 04:16,66,Australia,UAE,"7136 View Rd, Sydney"
TXN1000431,61840367.0,Jessica Gonzalez,Carlos Brown,Y,AED,CHF,,Outer-transaction,3757.81,ATM,Medium,2020-09-15 21:38,29,Brazil,France,"4061 View Rd, New York"
TXN1000432,22890579.0,Michael Taylor,Thomas Rostova,No,ZAR,BRL,Pending,Inter-transaction,14362.8,ATM,Low,2022-08-05 09:27,78,UK,UK,"8906 Broadway, London"
TXN1000433,49371856.0,Mary Dubois,Zayn Gonzalez,No,ZAR,USD,Verified,EXTERNAL,1614.66,Agent Network,Low,2025-09-25 10:02,36,France,Canada,"6200 Broadway, London"
TXN1000434,37523284.0,Charles Jones,Karen Al-Sayed,1,GBP,INR,KYC,outer-transaction,9358.72,Web Portal,Low,2022-05-12 19:09,26,Australia,France,"6786 Maple Dr, New York"
TXN1000435,69567958.0,Joseph Johnson,Priya Brown,No,SGD,GBP,,INTERNAL,1856.72,Web Portal,Low,2021-06-08 09:13,45,South Africa,UK,"9903 Main St, Paris"
TXN1000436,48849191.0,Marta Brown,Christopher Thomas,No,AED,AUD,Verified,outer-transaction,1810.7,ATM,Low,2022-06-06 11:46,69,UK,Canada,"8569 Cedar Ln, Paris"
TXN1000437,71518719.0,  DAVID SMITH ,Linda Lopez,No,JPY,INR,Verified,EXTERNAL,10790.94,Branch Counter,Critical,2020-07-26 09:29,33,Germany,India,"2532 Main St, New York"
TXN1000438,73317523.0,Nancy Velez,Linda Jackson,Yes,JPY,ZAR,Pending,outer-transaction,1022.87,Mobile App,Medium,2020-05-28 09:31,29,USA,UAE,"6937 Oak Ave, Mumbai"
TXN1000439,41758221.0,  PATRICIA VOLKOV ,Carlos Garcia,Yes,AUD,AUD,Unverified,inter-transaction,9101.93,Mobile App,Medium,2021-03-13 18:00,42,Australia,UAE,"5554 Main St, Dubai"
TXN1000440,48398260.0,Elizabeth Miller, fatima garcia   ,No,JPY,INR,Non-KYC,Inter-transaction,5399.82,ATM,Low,2026-01-11 23:57,69,South Africa,Australia,"8969 Pine Rd, Mumbai"
TXN1000441,73583349.0,Charles Lopez,Susan Martin,Y,GBP,EUR,Pending,inter-transaction,1522.69,ATM,Medium,2024-09-17 09:01,70,India,Canada,"6945 Broadway, New York"
TXN1000442,19120472.0,Zayn Malik, linda martinez   ,No,CHF,INR,,Inter-transaction,8745.76,Branch Counter,Low,2020-12-23 16:29,40,Germany,Brazil,"4724 View Rd, London"
TXN1000443,99031467.0,Priya Volkov,Mary Davis,No,CHF,chf,Pending,EXTERNAL,9190.37,Mobile App,Critical,2023-05-25 23:38,33,India,India,"8948 View Rd, New York"
TXN1000444,40568777.0,  JOHN SOUZA ,Mary Smith,N,INR,JPY,Unverified,outer-transaction,10434.65,ATM,Critical,2025-04-14 06:51,74,UK,Germany,"4691 View Rd, Mumbai"
TXN1000445,41966664.0,Elizabeth Williams,Christopher Smith,No,BRL,jpy,KYC,Inter-transaction,1909.47,Web Portal,High,2021-03-31 08:21,56,USA,UK,"2921 Pine Rd, Dubai"
TXN1000446,98126056.0,Robert Williams,David Moore,No,BRL,BRL,Verified,INTERNAL,4397.32,Web Portal,High,2024-06-20 01:45,70,Australia,India,"7793 Broadway, Mumbai"
TXN1000447,,Priya Jones,Amir Taylor,No,BRL,JPY,,outer-transaction,9752.12,ATM,Low,2021-09-20 16:00,59,Australia,Canada,"3680 Pine Rd, Mumbai"
TXN1000448,91838954.0,Joseph Thomas,John Malik,No,SGD,USD,KYC,INTERNAL,11447.31,Mobile App,High,2021-04-30 08:19,75,France,South Africa,"2562 Cedar Ln, Toronto"
TXN1000449,,Lucas Brown,Karen Gonzalez,1,ZAR,AED,Pending,inter-transaction,2446.61,ATM,Critical,2020-07-18 20:18,56,France,UK,"9375 View Rd, Mumbai"
TXN1000450,,  CHRISTOPHER GONZALEZ ,Mary Martin,No,AED,ZAR,,inter-transaction,12541.64,Web Portal,Critical,2021-01-05 03:59,31,UK,USA,"8084 Broadway, New York"
TXN1000451,,Robert Rodriguez,Carlos Martin,No,EUR,SGD,,Outer-transaction,2212.06,Agent Network,Low,2022-10-10 07:44,22,UK,UAE,"6149 Oak Ave, Paris"
TXN1000452,18162164.0,Elena Rodriguez,,No,CAD,JPY,Pending,Inter-transaction,3562.31,Branch Counter,High,2025-06-05 03:08,52,USA,Canada,"1085 Maple Dr, Dubai"
TXN1000453,97507034.0,Susan Thomas,Barbara Martin,No,CAD,USD,Verified,INTERNAL,10739.36,Agent Network,High,2024-01-11 08:21,35,France,USA,"9001 Pine Rd, London"
TXN1000454,40142752.0,  CHRISTOPHER TAYLOR ,Christopher Nair,No,AUD,JPY,Pending,INTERNAL,6620.85,Branch Counter,Medium,2020-09-04 17:11,26,South Africa,Australia,"6389 Maple Dr, New York"
TXN1000455,42352710.0,Thomas Al-Sayed,Carlos Wilson,No,CAD,JPY,Unverified,Outer-transaction,8544.44,Web Portal,Medium,2022-02-26 09:42,75,South Africa,France,"5468 View Rd, Dubai"
TXN1000456,77783433.0,Michael Jackson,Sarah Nair,Y,INR,GBP,Unverified,EXTERNAL,1523.92,Mobile App,Critical,2026-04-30 06:08,34,USA,Germany,"7666 Pine Rd, Paris"
TXN1000457,63998141.0,  ELENA MOORE ,Elizabeth Rostova,No,CAD,CAD,Verified,outer-transaction,13661.01,ATM,Critical,2025-09-09 05:18,24,South Africa,Germany,"7758 Broadway, Sydney"
TXN1000458,11044716.0,Christopher Jackson,Susan Velez,No,AUD,CAD,Verified,outer-transaction,5123.35,Agent Network,Critical,2024-03-01 15:46,63,UAE,USA,"7604 Pine Rd, Toronto"
TXN1000459,38277083.0,Jessica Taylor,David Jackson,Y,CAD,EUR,Non-KYC,inter-transaction,14088.68,Branch Counter,Low,2023-06-26 06:15,30,Brazil,UAE,"2039 Maple Dr, Toronto"
TXN1000460,82454722.0,Karen Silva,William Smith,No,USD,CAD,Unverified,inter-transaction,13770.75,Mobile App,Critical,2021-08-27 04:15,57,USA,Australia,"8195 Oak Ave, Sydney"
TXN1000461,39855629.0,Fatima Williams,Richard Garcia,No,AED,SGD,KYC,outer-transaction,1515.58,Agent Network,High,2024-08-16 00:50,59,USA,South Africa,"1995 Cedar Ln, Mumbai"
TXN1000462,39556025.0,Marta Miller,David Thomas,No,GBP,BRL,,EXTERNAL,3220.69,ATM,Low,2023-11-18 04:38,26,Canada,UAE,"1173 Main St, Toronto"
TXN1000463,95592608.0,Susan Thomas,Charles Velez,1,AED,INR,Pending,outer-transaction,4438.3,Web Portal,Low,2024-12-25 18:53,67,Germany,India,"4995 Maple Dr, Mumbai"
TXN1000464,63430642.0,Elena Jones,Jean-Pierre Volkov,No,SGD,CHF,Unverified,Inter-transaction,8438.24,Branch Counter,High,2021-05-16 04:16,44,Germany,Germany,"9443 View Rd, Mumbai"
TXN1000465,95398202.0,Amir Johnson,Barbara Anderson,No,CHF,GBP,Non-KYC,INTERNAL,8101.11,Mobile App,Critical,2021-07-02 21:07,83,UAE,India,"7123 Broadway, Paris"
TXN1000466,36634140.0,Linda Khan,Karen Gonzalez,Y,INR,AED,KYC,Inter-transaction,12683.77,Agent Network,Low,2023-09-27 00:01,22,France,UK,"4007 Pine Rd, Sydney"
TXN1000467,46568726.0,Fatima Brown,Amir Silva,No,AUD,GBP,,EXTERNAL,6236.55,Mobile App,Medium,2022-04-18 14:19,46,UK,Brazil,"4624 Oak Ave, Sydney"
TXN1000468,13144983.0,Barbara Rodriguez,Thomas Miller,No,ZAR,CHF,Unverified,inter-transaction,13615.91,Agent Network,Medium,2023-12-01 17:42,54,UK,Canada,"2384 Oak Ave, Paris"
TXN1000469,13340930.0,Joseph Dubois,Elizabeth Anderson,No,CHF,EUR,Non-KYC,Outer-transaction,12973.77,ATM,Medium,2023-12-19 09:23,55,India,Australia,"857 Broadway, Toronto"
TXN1000470,43826068.0,Jessica Martinez,Fatima Hernandez,N,USD,CAD,Pending,outer-transaction,8188.38,Branch Counter,Medium,2022-04-27 23:03,25,UAE,UAE,"3658 Cedar Ln, London"
TXN1000471,20402470.0,  JOSEPH JONES ,Jean-Pierre Smith,No,BRL,EUR,Non-KYC,EXTERNAL,12049.27,ATM,Medium,2021-09-05 04:03,82,USA,Germany,"3947 Broadway, Sydney"
TXN1000472,92557389.0,,Christopher Nair,No,AED,JPY,Unverified,outer-transaction,3167.15,Branch Counter,Medium,2021-02-15 12:24,34,UAE,India,"2518 Broadway, London"
TXN1000473,51854524.0,  ELENA MILLER ,William Rostova,No,SGD,CAD,Non-KYC,inter-transaction,9436.04,Web Portal,High,2026-10-15 12:17,62,UAE,France,"5344 Main St, Toronto"
TXN1000474,,Robert Jackson,Michael Brown,Yes,AED,GBP,Verified,INTERNAL,11581.96,Agent Network,High,2021-11-08 23:01,21,UAE,UK,"2945 Oak Ave, Dubai"
TXN1000475,73815697.0,Zayn Smith,Richard Williams,Y,USD,GBP,KYC,Outer-transaction,8406.58,ATM,Critical,2020-06-07 15:32,53,Germany,Canada,"8949 Oak Ave, Mumbai"
TXN1000476,95063153.0,Amir Rodriguez,Elena Jones,N,JPY,SGD,Verified,Outer-transaction,389.18,Branch Counter,Critical,2025-08-23 18:08,48,UAE,Canada,"522 Maple Dr, London"
TXN1000477,11432428.0,William Anderson, susan taylor   ,No,CHF,AED,Verified,Inter-transaction,9711.8,ATM,Critical,2021-01-07 02:56,36,Brazil,UAE,"4366 View Rd, Mumbai"
TXN1000478,91543479.0,Sanjay Anderson,Sarah Garcia,No,ZAR,jpy,,Outer-transaction,13064.99,Web Portal,Low,2026-03-22 06:09,78,UK,Australia,"2810 Cedar Ln, Dubai"
TXN1000479,97926734.0,Nancy Al-Sayed, john hernandez   ,N,CAD,BRL,,outer-transaction,6251.52,Mobile App,Low,2023-01-01 00:41,71,India,South Africa,"8169 Oak Ave, Mumbai"
TXN1000480,33215400.0,Sanjay Al-Sayed,Amir Khan,1,AED,AED,Unverified,Inter-transaction,1752.76,Mobile App,Medium,2021-08-25 20:08,56,Brazil,France,"2641 Maple Dr, Sydney"
TXN1000481,20908536.0,Carlos Al-Sayed,Elizabeth Martinez,N,ZAR,INR,Verified,Outer-transaction,8479.95,ATM,Medium,2020-08-03 14:14,36,India,UAE,"3264 Broadway, Dubai"
TXN1000482,58803337.0,Susan Dubois,Sanjay Taylor,No,ZAR,ZAR,Non-KYC,EXTERNAL,6513.46,Branch Counter,Medium,2025-06-19 02:56,56,Canada,India,"8579 Oak Ave, London"
TXN1000483,45010146.0,Mary Souza,Patricia Taylor,No,GBP,SGD,KYC,inter-transaction,10522.31,Branch Counter,Low,2024-04-13 04:40,84,India,Brazil,"1547 Oak Ave, New York"
TXN1000484,34986069.0,Jean-Pierre Smith,Thomas Silva,No,CHF,CHF,Pending,inter-transaction,7243.54,ATM,High,2025-01-14 21:40,62,UK,USA,"1864 Oak Ave, Sydney"
TXN1000485,89601320.0,,Charles Garcia,0,CHF,BRL,Verified,Inter-transaction,14555.17,Branch Counter,Medium,2025-05-16 22:06,30,UK,South Africa,"9321 Pine Rd, Paris"
TXN1000486,41700023.0,Zayn Miller,Jessica Williams,Yes,GBP,zar,Pending,EXTERNAL,5916.77,Web Portal,Critical,2021-12-27 23:22,75,UAE,Australia,"3277 Pine Rd, Toronto"
TXN1000487,53904207.0,Carlos Martinez,Amir Velez,Yes,AUD,CHF,Non-KYC,INTERNAL,2680.62,Web Portal,High,2023-05-29 11:24,37,Australia,UK,"7363 Maple Dr, Paris"
TXN1000488,35228980.0,Mary Miller,Barbara Wilson,No,,ZAR,Verified,outer-transaction,2700.97,ATM,Low,2022-12-01 08:05,78,Canada,South Africa,"9767 Main St, New York"
TXN1000489,87132540.0,Charles Gonzalez,Marta Anderson,No,ZAR,,Pending,outer-transaction,7535.9,ATM,High,2021-11-06 22:33,56,USA,Germany,"9270 Cedar Ln, Dubai"
TXN1000490,89208997.0,David Miller,Charles Khan,No,sgd,AUD,Pending,EXTERNAL,5545.75,ATM,High,2020-10-09 08:59,18,South Africa,Australia,"7801 Main St, Sydney"
TXN1000491,24989876.0,Susan Al-Sayed,Mary Moore,Yes,INR,GBP,Verified,inter-transaction,14578.07,Agent Network,Medium,2022-12-17 16:32,20,India,Brazil,"2297 Broadway, Toronto"
TXN1000492,78804339.0,Fatima Williams,Richard Souza,No,AED,AUD,KYC,outer-transaction,14477.75,Web Portal,High,2025-03-23 18:59,79,Australia,Germany,"1072 Pine Rd, London"
TXN1000493,68645850.0,David Al-Sayed, elena dubois   ,No,jpy,ZAR,Non-KYC,Inter-transaction,11732.94,Web Portal,High,2023-02-26 05:36,80,UAE,South Africa,"5734 Main St, Sydney"
TXN1000494,92058877.0,Barbara Al-Sayed, elena martin   ,N,CHF,AUD,Verified,inter-transaction,5202.03,ATM,Medium,2022-08-05 01:40,42,Germany,USA,"2223 Broadway, Dubai"
TXN1000495,20550656.0,Sanjay Thomas, karen lopez   ,No,BRL,JPY,Pending,INTERNAL,2509.35,Branch Counter,Critical,2021-10-26 13:35,73,USA,USA,"324 Oak Ave, New York"
TXN1000496,91486500.0,Zayn Brown,Patricia Gonzalez,No,EUR,CHF,Pending,outer-transaction,5286.85,Web Portal,Critical,2024-09-13 03:52,50,France,Brazil,"9132 Broadway, London"
TXN1000497,81890645.0,Karen Gonzalez,Elizabeth Malik,No,SGD,AED,,inter-transaction,11446.39,Web Portal,Low,2023-02-22 14:07,55,Australia,Canada,"1206 Cedar Ln, Paris"
TXN1000498,77560003.0,Robert Martin,Christopher Al-Sayed,No,USD,CAD,KYC,EXTERNAL,9024.13,ATM,Medium,2020-03-07 03:47,23,Germany,France,"3031 Broadway, Dubai"
TXN1000499,,Carlos Smith,William Jackson,No,INR,ZAR,KYC,INTERNAL,12569.75,Web Portal,Medium,2025-08-15 20:27,75,Canada,UK,"3071 Oak Ave, Mumbai"
TXN1000500,19444312.0,  LUCAS WILSON ,David Volkov,Yes,EUR,BRL,,Inter-transaction,4401.52,ATM,Low,2021-09-28 03:15,61,UAE,Canada,"7515 Broadway, New York"
TXN1000501,87821046.0,Jean-Pierre Silva,Patricia Al-Sayed,No,AUD,ZAR,,EXTERNAL,1120.3,ATM,Medium,2020-11-09 21:11,62,USA,USA,"1709 View Rd, London"
TXN1000502,28793298.0,Michael Taylor,Barbara Smith,No,CAD,CHF,,EXTERNAL,6603.54,Branch Counter,Medium,2021-07-18 15:50,49,USA,USA,"9308 View Rd, London"
TXN1000503,88414664.0,John Rodriguez,,No,JPY,AUD,Pending,inter-transaction,7854.83,ATM,Critical,2024-05-20 07:37,62,USA,India,"6882 Main St, New York"
TXN1000504,40106377.0,Michael Rodriguez, nancy dubois   ,Yes,EUR,ZAR,,INTERNAL,13473.04,Web Portal,High,2022-04-05 09:36,78,Canada,Germany,"9649 Pine Rd, Sydney"
TXN1000505,20663234.0,Lucas Johnson,Thomas Jackson,No,INR,AED,,outer-transaction,2669.69,Agent Network,High,2026-12-28 17:09,64,India,South Africa,"8005 Oak Ave, Toronto"
TXN1000506,,Elizabeth Jackson,Jean-Pierre Jackson,No,EUR,JPY,Unverified,Inter-transaction,7145.78,Mobile App,Medium,2023-01-10 09:38,38,France,UK,"5678 Pine Rd, Mumbai"
TXN1000507,89045858.0,Lucas Nair,Nancy Dubois,No,USD,AED,Pending,inter-transaction,14272.02,Branch Counter,High,2022-10-22 17:00,53,Canada,Brazil,"6648 View Rd, Mumbai"
TXN1000508,10874735.0,Richard Volkov,Charles Thomas,No,GBP,EUR,,INTERNAL,12340.14,Web Portal,Low,2026-03-01 06:20,36,South Africa,South Africa,"3892 View Rd, London"
TXN1000509,86639453.0,Marta Jones,Richard Garcia,No,AUD,GBP,,INTERNAL,11833.34,Branch Counter,Medium,2021-10-23 00:14,37,France,India,"9269 View Rd, Toronto"
TXN1000510,70358769.0,Barbara Wilson,Christopher Gonzalez,N,usd,AUD,Verified,Inter-transaction,12279.81,Web Portal,Medium,2022-03-15 03:59,74,UK,USA,"5550 Main St, Toronto"
TXN1000511,38854107.0,Nancy Taylor,Thomas Malik,No,EUR,INR,KYC,EXTERNAL,5857.04,ATM,Medium,2026-09-17 19:09,35,UAE,Brazil,"1653 Pine Rd, Mumbai"
TXN1000512,24902300.0,Sarah Jones,Carlos Al-Sayed,No,BRL,AUD,Unverified,Outer-transaction,4924.35,Agent Network,High,2021-06-19 22:40,64,Canada,USA,"8478 Oak Ave, Dubai"
TXN1000513,58483417.0,Carlos Dubois,Thomas Al-Sayed,Y,GBP,CAD,Verified,INTERNAL,11217.28,Mobile App,Medium,2023-10-23 01:59,66,Germany,UK,"4686 Broadway, Paris"
TXN1000514,60126880.0,John Jackson,Jessica Johnson,1,CAD,JPY,Pending,Inter-transaction,7981.12,Agent Network,Low,2023-05-20 13:47,31,France,Germany,"6547 Oak Ave, Sydney"
TXN1000515,30428651.0,Sanjay Hernandez, robert garcia   ,No,CAD,SGD,Pending,inter-transaction,105.25,ATM,Low,2025-04-04 00:33,32,South Africa,South Africa,"9648 Maple Dr, Paris"
TXN1000516,99308727.0,William Dubois, amir jackson   ,0,BRL,CHF,Pending,Inter-transaction,11694.15,Agent Network,High,2025-12-04 06:09,48,UK,South Africa,"5977 Oak Ave, London"
TXN1000517,39156896.0,Jean-Pierre Lopez,John Jones,Y,SGD,EUR,Unverified,Inter-transaction,6707.72,ATM,Medium,2021-09-19 21:19,18,India,Canada,"5022 Pine Rd, Toronto"
TXN1000518,38137132.0,Patricia Thomas,Fatima Martin,No,CAD,AUD,KYC,outer-transaction,252.02,ATM,Critical,2022-01-18 00:12,71,Germany,Brazil,"4786 Broadway, Paris"
TXN1000519,21334884.0,Sanjay Nair,Lucas Gonzalez,Y,USD,aed,KYC,Outer-transaction,7784.14,Web Portal,Critical,2020-04-14 00:04,20,France,France,"2002 Broadway, Dubai"
TXN1000520,,  LINDA SOUZA ,Charles Jones,Yes,ZAR,GBP,Unverified,EXTERNAL,5604.03,Branch Counter,High,2026-12-17 15:14,33,UAE,India,"4770 Maple Dr, Sydney"
TXN1000521,90330313.0,Fatima Taylor,Linda Garcia,No,CAD,INR,Pending,outer-transaction,2024.74,Agent Network,Low,2020-02-15 16:27,74,Germany,France,"240 View Rd, Toronto"
TXN1000522,22938359.0,Sarah Thomas,Fatima Khan,Y,INR,GBP,KYC,EXTERNAL,6063.54,Agent Network,Low,2023-09-16 22:47,29,UK,Canada,"116 Broadway, Mumbai"
TXN1000523,,  CARLOS RODRIGUEZ ,Jean-Pierre Volkov,No,AUD,CAD,Unverified,EXTERNAL,729.8,Web Portal,Medium,2023-05-24 12:42,33,Germany,UK,"564 Maple Dr, Mumbai"
TXN1000524,56157714.0,William Nair,Zayn Khan,TRUE,AUD,SGD,,INTERNAL,13859.05,Branch Counter,Medium,2022-09-08 16:48,41,Brazil,India,"8811 Cedar Ln, London"
TXN1000525,45280921.0,Robert Silva,Susan Wilson,No,JPY,GBP,Non-KYC,inter-transaction,4612.39,ATM,Low,2022-08-17 01:12,45,Australia,Germany,"4915 Maple Dr, Sydney"
TXN1000526,36665991.0,Fatima Al-Sayed,Susan Taylor,No,GBP,CHF,Pending,Outer-transaction,5623.34,Mobile App,Medium,2024-02-24 13:10,25,India,France,"9217 Broadway, Dubai"
TXN1000527,63804242.0,Barbara Gonzalez,Carlos Taylor,TRUE,SGD,SGD,,inter-transaction,3139.23,Agent Network,Low,2025-01-10 09:31,53,UK,Germany,"1069 Broadway, Mumbai"
TXN1000528,31400078.0,Sanjay Wilson,Joseph Jackson,No,CAD,EUR,Pending,EXTERNAL,2286.17,ATM,Medium,2026-11-01 02:58,25,Germany,France,"7447 Maple Dr, Mumbai"
TXN1000529,68823870.0,Barbara Khan,Patricia Moore,Yes,sgd,GBP,KYC,outer-transaction,12571.28,Branch Counter,Low,2024-01-21 16:46,75,Australia,Germany,"7040 Pine Rd, Paris"
TXN1000530,21888060.0,Fatima Martin,,No,ZAR,SGD,Verified,EXTERNAL,10989.32,Branch Counter,High,2024-04-08 08:09,77,Australia,France,"5655 Pine Rd, Mumbai"
TXN1000531,39714212.0,Christopher Wilson,Marta Rodriguez,No,BRL,SGD,Unverified,Inter-transaction,9028.92,Agent Network,Low,2024-02-16 07:20,67,Germany,Germany,"4813 Cedar Ln, Mumbai"
TXN1000532,15350579.0,,Lucas Anderson,Y,chf,JPY,KYC,Outer-transaction,8508.28,Mobile App,High,2025-08-25 12:58,45,UAE,Canada,"7578 Maple Dr, Mumbai"
TXN1000533,57295434.0,Elizabeth Rodriguez,Thomas Silva,No,SGD,BRL,Pending,EXTERNAL,4835.0,ATM,High,2025-06-23 17:04,58,Brazil,Australia,"5033 Broadway, Sydney"
TXN1000534,51048501.0,Patricia Souza,Fatima Williams,No,CAD,CHF,Verified,inter-transaction,12090.4,Branch Counter,Medium,2026-04-09 05:29,81,Canada,India,"4069 View Rd, London"
TXN1000535,82243277.0,Linda Gonzalez,Nancy Rostova,No,EUR,EUR,Verified,INTERNAL,5313.46,Web Portal,Critical,2025-05-27 16:10,44,Brazil,Brazil,"7208 View Rd, Sydney"
TXN1000536,15472438.0,Elizabeth Moore,Michael Velez,FALSE,USD,SGD,Non-KYC,Outer-transaction,196.15,Web Portal,Low,2022-06-30 19:47,80,Germany,UK,"144 Pine Rd, Paris"
TXN1000537,87236512.0,Carlos Volkov,Joseph Al-Sayed,No,CAD,AED,KYC,EXTERNAL,2026.05,Web Portal,Medium,2023-07-18 08:01,34,India,UAE,"9121 View Rd, Mumbai"
TXN1000538,96565865.0,Karen Khan,Elizabeth Anderson,No,USD,SGD,Pending,outer-transaction,8389.35,Mobile App,High,2024-12-07 04:00,50,Canada,USA,"2681 Maple Dr, Sydney"
TXN1000539,13701318.0,Elena Martin,Sarah Wilson,Yes,GBP,AUD,Pending,INTERNAL,14194.55,Web Portal,High,2024-10-19 03:35,46,UK,Brazil,"1031 Main St, Paris"
TXN1000540,31636866.0,Fatima Miller,Elizabeth Martin,N,gbp,GBP,Unverified,INTERNAL,10516.92,ATM,Critical,2020-04-24 21:57,30,Brazil,USA,"6482 Broadway, New York"
TXN1000541,77066159.0,Robert Garcia,,No,CAD,ZAR,Pending,Inter-transaction,14730.33,Mobile App,High,2024-05-22 02:08,63,Germany,India,"8439 Main St, Sydney"
TXN1000542,85613530.0,Susan Malik,Robert Garcia,No,CHF,SGD,Pending,inter-transaction,8614.04,ATM,Medium,2023-08-15 21:22,52,Brazil,Brazil,"3221 Oak Ave, Mumbai"
TXN1000543,51831014.0,Priya Martinez,Patricia Lopez,No,CHF,JPY,Verified,outer-transaction,13929.81,Agent Network,Critical,2025-02-03 11:09,23,Canada,Germany,"9207 Broadway, Dubai"
TXN1000544,64262173.0,Mary Lopez,Mary Souza,TRUE,SGD,ZAR,Verified,INTERNAL,8449.32,Agent Network,Critical,2026-09-10 01:42,64,South Africa,Germany,"3848 View Rd, London"
TXN1000545,75829144.0,John Thomas,Patricia Hernandez,No,CHF,AUD,Pending,Inter-transaction,2829.3,Mobile App,High,2026-09-07 09:29,42,France,UAE,"1959 Cedar Ln, Sydney"
TXN1000546,17037740.0,  AMIR KHAN ,Marta Malik,No,JPY,JPY,Unverified,Outer-transaction,13386.42,Branch Counter,Low,2023-01-03 21:05,83,Brazil,USA,"6029 Main St, London"
TXN1000547,48982422.0,John Volkov, elizabeth velez   ,N,CAD,GBP,,INTERNAL,3700.14,Branch Counter,Critical,2022-09-04 17:01,27,UK,UK,"4775 Pine Rd, London"
TXN1000548,35433791.0,Amir Dubois,Sarah Rodriguez,No,ZAR,BRL,,Inter-transaction,1738.02,ATM,Low,2024-02-14 01:31,73,UK,India,"9474 Pine Rd, New York"
TXN1000549,,Barbara Malik,Christopher Rodriguez,No,EUR,AUD,Non-KYC,INTERNAL,14933.42,ATM,Critical,2023-01-31 09:15,47,USA,Germany,"5408 Broadway, Toronto"
TXN1000550,59781610.0,Thomas Al-Sayed,Michael Anderson,No,USD,ZAR,Pending,Inter-transaction,14229.36,Branch Counter,High,2020-10-23 11:00,22,Brazil,Australia,"9922 Cedar Ln, London"
TXN1000551,34691117.0,Sanjay Miller,Richard Velez,Yes,usd,SGD,Verified,Inter-transaction,1679.37,Mobile App,Critical,2026-02-03 20:07,50,France,Canada,"4382 Maple Dr, London"
TXN1000552,61165595.0,John Jackson, mary khan   ,No,CHF,eur,Unverified,INTERNAL,9675.4,Branch Counter,Critical,2026-06-20 15:49,82,UAE,Canada,"229 Oak Ave, Sydney"
TXN1000553,30553823.0,Thomas Moore,Carlos Lopez,No,AED,ZAR,,Inter-transaction,6481.73,Branch Counter,Medium,2022-11-28 12:14,35,Australia,France,"8251 Main St, Dubai"
TXN1000554,64464528.0,Jessica Volkov,Jessica Anderson,Yes,SGD,AUD,Non-KYC,Outer-transaction,10691.72,Agent Network,Medium,2020-09-15 20:43,66,France,UK,"344 Broadway, Toronto"
TXN1000555,82857235.0,Sanjay Anderson,Barbara Volkov,N,chf,AUD,Pending,outer-transaction,2712.93,ATM,Low,2025-08-16 07:09,28,Australia,Canada,"2276 Pine Rd, Paris"
TXN1000556,36549575.0,Michael Wilson,Richard Anderson,No,BRL,GBP,,Inter-transaction,10146.08,Mobile App,Low,2025-09-27 13:04,43,Australia,France,"8632 Maple Dr, Paris"
TXN1000557,30213583.0,William Martinez,Amir Williams,No,CAD,CHF,Pending,Outer-transaction,13513.25,Web Portal,Medium,2026-01-17 17:18,80,South Africa,USA,"8597 Maple Dr, Paris"
TXN1000558,43472531.0,Patricia Velez,Michael Souza,No,USD,GBP,Verified,outer-transaction,8777.52,Web Portal,Critical,2025-03-07 14:37,76,USA,Germany,"7492 Pine Rd, Sydney"
TXN1000559,50279349.0,Marta Gonzalez,Priya Jones,No,ZAR,INR,Pending,outer-transaction,249.17,Agent Network,Critical,2020-06-24 10:52,44,France,Germany,"7235 Main St, Paris"
TXN1000560,32398512.0,Mary Nair,Elizabeth Rostova,No,SGD,AUD,Verified,INTERNAL,480.29,Agent Network,Low,2022-09-27 10:19,66,France,Australia,"5400 Oak Ave, Paris"
TXN1000561,59230243.0,Lucas Taylor,Zayn Silva,No,BRL,CAD,KYC,outer-transaction,13782.45,Mobile App,High,2025-04-02 19:20,50,South Africa,Brazil,"5605 Oak Ave, Sydney"
TXN1000562,41802263.0,Jean-Pierre Williams,Zayn Williams,No,USD,,Unverified,EXTERNAL,13102.29,Mobile App,Low,2026-11-07 17:56,18,Brazil,Canada,"9423 Pine Rd, London"
TXN1000563,,William Johnson,Elena Williams,No,ZAR,JPY,Unverified,inter-transaction,10976.16,Agent Network,Low,2024-07-25 17:09,38,Brazil,USA,"4142 Oak Ave, Toronto"
TXN1000564,26644381.0,Elena Dubois,Robert Miller,No,CAD,INR,Verified,Outer-transaction,6403.58,Branch Counter,Medium,2020-10-02 01:25,72,Brazil,South Africa,"7598 Cedar Ln, Toronto"
TXN1000565,18107284.0,Nancy Dubois,Amir Wilson,No,brl,SGD,Verified,EXTERNAL,10219.4,Mobile App,High,2026-12-20 08:45,23,India,Canada,"111 Pine Rd, London"
TXN1000566,35539627.0,Elizabeth Jackson,Linda Johnson,No,,SGD,Unverified,outer-transaction,2298.75,ATM,Critical,2021-11-06 18:30,22,Australia,UK,"2942 Main St, Dubai"
TXN1000567,98821543.0,Carlos Garcia,Michael Jackson,1,inr,EUR,Non-KYC,inter-transaction,12448.37,Agent Network,High,2024-12-28 09:54,20,India,Brazil,"3109 Main St, London"
TXN1000568,57428438.0,Patricia Williams, richard rostova   ,No,AED,GBP,Verified,EXTERNAL,2387.45,Branch Counter,Critical,2022-11-17 03:05,70,USA,Canada,"2177 Maple Dr, Dubai"
TXN1000569,73555187.0,Robert Smith,Thomas Lopez,No,INR,CAD,Unverified,inter-transaction,8329.39,Agent Network,High,2023-09-18 13:03,40,South Africa,USA,"3967 Main St, Mumbai"
TXN1000570,43433510.0,Sarah Jackson,Sarah Volkov,No,,EUR,,inter-transaction,1013.21,ATM,Medium,2025-10-04 14:47,70,France,Canada,"4973 Maple Dr, London"
TXN1000571,93302571.0,Sarah Moore,Michael Silva,No,CAD,SGD,,INTERNAL,1814.23,Mobile App,Medium,2021-06-30 06:16,54,Australia,UK,"5956 Cedar Ln, New York"
TXN1000572,13393520.0,John Nair,Sanjay Dubois,No,,SGD,Unverified,inter-transaction,1625.1,Branch Counter,Critical,2023-02-09 18:50,34,India,South Africa,"9689 Oak Ave, Paris"
TXN1000573,53827193.0,Karen Thomas,Susan Jones,No,BRL,AUD,KYC,EXTERNAL,4250.8,Agent Network,Low,2025-09-14 16:05,18,India,India,"1369 Cedar Ln, Dubai"
TXN1000574,41542991.0,Robert Dubois,Susan Lopez,No,AUD,CAD,Unverified,EXTERNAL,2333.21,Mobile App,Medium,2025-08-02 10:15,68,Germany,UAE,"8476 Maple Dr, London"
TXN1000575,96288920.0,Amir Rostova,Elizabeth Thomas,No,INR,INR,,EXTERNAL,5943.17,Agent Network,High,2021-03-14 07:10,62,India,South Africa,"5772 Oak Ave, London"
TXN1000576,75963322.0,John Lopez,Elena Williams,No,CAD,JPY,,INTERNAL,4228.44,Agent Network,High,2024-10-18 06:25,21,UAE,France,"6255 Main St, Sydney"
TXN1000577,97303617.0,  BARBARA ANDERSON ,John Anderson,No,ZAR,ZAR,,Outer-transaction,3010.14,Agent Network,High,2024-06-03 23:21,79,France,Canada,"1981 Main St, London"
TXN1000578,39099216.0,,Barbara Smith,No,,CAD,Pending,Outer-transaction,13813.08,ATM,High,2025-01-23 18:30,82,UAE,Germany,"3909 Maple Dr, Paris"
TXN1000579,10001272.0,Barbara Anderson,Joseph Al-Sayed,No,gbp,EUR,KYC,inter-transaction,6268.13,Mobile App,High,2024-05-19 09:40,49,France,Australia,"4255 Oak Ave, New York"
TXN1000580,95457740.0,Fatima Velez,Lucas Smith,Y,sgd,GBP,,inter-transaction,4058.3,Agent Network,Critical,2024-07-21 03:22,51,South Africa,Germany,"1509 Broadway, New York"
TXN1000581,65354646.0,Linda Smith,Christopher Volkov,No,EUR,AED,Non-KYC,Outer-transaction,10348.23,Mobile App,Low,2020-11-02 14:12,56,France,South Africa,"5297 Oak Ave, Mumbai"
TXN1000582,71237842.0,Amir Thomas,Karen Garcia,No,CAD,BRL,Unverified,inter-transaction,7017.59,Branch Counter,High,2021-09-10 01:01,43,UAE,Germany,"8818 Maple Dr, Mumbai"
TXN1000583,28473928.0,Richard Souza,Susan Nair,No,JPY,ZAR,Pending,inter-transaction,8107.76,Web Portal,Medium,2023-02-06 15:08,51,France,USA,"2272 Broadway, Mumbai"
TXN1000584,10542306.0,David Souza,Karen Velez,1,BRL,INR,Verified,INTERNAL,14054.55,Agent Network,Critical,2023-10-27 12:34,71,South Africa,Germany,"4077 View Rd, Dubai"
TXN1000585,35277376.0,Elena Smith,Carlos Silva,1,EUR,SGD,Non-KYC,INTERNAL,9577.35,Web Portal,Low,2026-08-01 08:12,20,South Africa,Brazil,"7925 View Rd, London"
TXN1000586,,Susan Velez,Joseph Smith,No,AED,CAD,Pending,INTERNAL,637.7,ATM,Low,2026-02-06 20:31,67,USA,India,"5347 Oak Ave, Sydney"
TXN1000587,88802545.0,Nancy Volkov,Susan Velez,No,usd,AUD,KYC,Outer-transaction,10866.94,Mobile App,Critical,2023-10-11 21:33,29,France,Canada,"6235 View Rd, Sydney"
TXN1000588,39065567.0,Nancy Wilson,Patricia Smith,No,CHF,ZAR,,INTERNAL,5828.79,Agent Network,Low,2024-08-26 07:58,82,Germany,Germany,"7289 View Rd, Paris"
TXN1000589,54481849.0,Jessica Brown,Marta Jones,1,EUR,INR,Non-KYC,outer-transaction,667.68,Web Portal,Medium,2025-10-16 08:47,71,Brazil,UK,"4635 Main St, New York"
TXN1000590,28683820.0,Michael Al-Sayed,Nancy Jackson,No,SGD,CAD,Pending,Inter-transaction,6285.18,Mobile App,High,2026-05-28 01:37,22,UK,India,"7797 View Rd, Toronto"
TXN1000591,42646040.0,Priya Souza,Carlos Jones,No,,EUR,Verified,outer-transaction,1011.62,Web Portal,Critical,2020-06-29 21:39,74,South Africa,India,"762 Cedar Ln, Toronto"
TXN1000592,11632815.0,Patricia Taylor,Marta Rodriguez,No,USD,AED,Non-KYC,EXTERNAL,7126.65,ATM,Medium,2026-10-17 04:40,34,Canada,Germany,"9715 Pine Rd, Mumbai"
TXN1000593,29515608.0,Zayn Dubois,Robert Thomas,No,EUR,CHF,Verified,outer-transaction,904.5,ATM,Low,2024-01-27 00:40,64,Brazil,India,"5974 View Rd, Paris"
TXN1000594,27089453.0,Sarah Martin,Lucas Taylor,Y,ZAR,ZAR,KYC,outer-transaction,1004.35,Mobile App,Medium,2022-07-02 09:54,40,Australia,Australia,"2114 View Rd, Dubai"
TXN1000595,53900976.0,Priya Martinez,Zayn Thomas,No,AUD,BRL,Non-KYC,outer-transaction,5062.76,ATM,High,2024-04-06 03:34,31,France,Germany,"9203 Main St, Mumbai"
TXN1000596,42133709.0,Christopher Miller,Susan Martinez,No,CAD,JPY,Pending,Outer-transaction,12035.64,Branch Counter,Medium,2025-10-14 09:46,83,UAE,USA,"7866 View Rd, Mumbai"
TXN1000597,49119248.0,Sanjay Davis,William Martin,N,CAD,GBP,,outer-transaction,8065.76,Web Portal,High,2022-11-10 10:13,68,UK,South Africa,"3729 Broadway, Sydney"
TXN1000598,76445238.0,Thomas Souza,Karen Jackson,N,JPY,CHF,KYC,outer-transaction,6563.21,Branch Counter,Low,2024-06-23 05:11,55,Canada,Brazil,"8972 View Rd, Paris"
TXN1000599,46025956.0,Michael Silva,Patricia Souza,Yes,aud,inr,,inter-transaction,4269.98,Web Portal,Medium,2026-08-28 12:16,81,Brazil,UAE,"4751 Oak Ave, Mumbai"
TXN1000600,52509142.0,Jean-Pierre Davis,Linda Silva,1,,INR,Verified,outer-transaction,1877.2,Web Portal,Critical,2024-06-26 15:34,55,France,France,"3966 Maple Dr, Paris"
TXN1000601,68410653.0,Christopher Malik,Nancy Malik,No,INR,INR,,INTERNAL,11262.91,Mobile App,High,2024-05-01 01:10,67,USA,India,"715 Pine Rd, Dubai"
TXN1000602,69349666.0,Nancy Miller,Susan Jones,Yes,CHF,BRL,Verified,Outer-transaction,10726.86,Web Portal,Critical,2025-09-17 08:02,47,Australia,USA,"5042 Pine Rd, New York"
TXN1000603,56329832.0,Susan Gonzalez,John Thomas,No,SGD,AUD,Unverified,Outer-transaction,2536.44,Agent Network,Medium,2023-08-01 17:19,68,UK,Canada,"1368 Broadway, Toronto"
TXN1000604,43606927.0,Robert Taylor,Priya Rodriguez,No,AED,GBP,,Inter-transaction,3484.92,Mobile App,Low,2022-04-01 14:13,80,Germany,Canada,"9076 Maple Dr, Toronto"
TXN1000605,,Robert Dubois,Patricia Rodriguez,N,GBP,JPY,Non-KYC,Outer-transaction,11805.76,Branch Counter,Medium,2021-08-24 01:48,69,USA,France,"5329 View Rd, Dubai"
TXN1000606,27755795.0,Elizabeth Malik,Nancy Khan,No,AED,SGD,KYC,Inter-transaction,14743.02,Web Portal,Low,2024-06-08 21:30,55,Canada,Brazil,"4154 Cedar Ln, Toronto"
TXN1000607,96886282.0,Charles Lopez,Lucas Martin,No,BRL,,KYC,Outer-transaction,1110.52,Branch Counter,High,2022-02-23 07:41,47,UK,India,"7991 Pine Rd, Mumbai"
TXN1000608,68456858.0,Jean-Pierre Nair,Jean-Pierre Jones,No,CHF,BRL,Unverified,inter-transaction,7306.77,ATM,Critical,2023-04-26 17:29,68,USA,Australia,"425 Broadway, New York"
TXN1000609,60202214.0,Mary Lopez, thomas souza   ,No,zar,AUD,Unverified,Inter-transaction,5293.71,Web Portal,High,2021-11-01 18:07,22,Australia,France,"7874 View Rd, London"
TXN1000610,79939654.0,Susan Smith,Thomas Gonzalez,No,CHF,SGD,Unverified,outer-transaction,6506.79,Agent Network,Low,2023-06-20 07:30,46,Germany,Brazil,"5032 Maple Dr, Toronto"
TXN1000611,29087269.0,Jean-Pierre Souza,William Williams,No,AED,aud,Non-KYC,outer-transaction,11994.08,Web Portal,Critical,2023-01-01 02:02,21,USA,India,"9562 Main St, Sydney"
TXN1000612,32226983.0,Priya Velez,Sarah Brown,No,SGD,CAD,Pending,INTERNAL,13338.66,Branch Counter,High,2026-12-01 11:21,27,India,USA,"7854 Broadway, Paris"
TXN1000613,12983015.0,Jessica Thomas,David Hernandez,0,AED,sgd,Verified,Inter-transaction,12362.79,Agent Network,Medium,2025-06-20 16:35,73,Germany,South Africa,"1467 Pine Rd, Mumbai"
TXN1000614,86044123.0,Richard Martinez,Robert Davis,No,sgd,ZAR,Non-KYC,outer-transaction,7102.88,Mobile App,High,2020-04-10 16:13,34,Canada,Australia,"2675 Pine Rd, Sydney"
TXN1000615,41556108.0,Barbara Davis,Nancy Silva,No,GBP,CHF,KYC,Outer-transaction,8110.15,ATM,Low,2024-11-14 18:08,34,Australia,UAE,"1681 Pine Rd, New York"
TXN1000616,57949350.0,  MARTA JACKSON , robert johnson   ,No,AED,CAD,Non-KYC,Outer-transaction,13456.87,ATM,Low,2020-06-24 20:11,51,France,Canada,"4066 Oak Ave, Mumbai"
TXN1000617,44894223.0,Linda Nair,Jean-Pierre Rostova,No,SGD,CHF,Unverified,outer-transaction,5387.69,Agent Network,High,2020-08-25 04:31,23,UAE,UK,"8420 Main St, London"
TXN1000618,38259178.0,Elizabeth Anderson,Michael Rostova,No,EUR,USD,KYC,inter-transaction,11557.8,Branch Counter,Medium,2023-01-27 10:19,70,UAE,USA,"9143 View Rd, Mumbai"
TXN1000619,38155104.0,Carlos Thomas,Sanjay Johnson,No,AUD,INR,Unverified,outer-transaction,9878.36,ATM,High,2025-05-31 02:52,83,UAE,Canada,"5331 Pine Rd, New York"
TXN1000620,,John Malik,Lucas Garcia,1,AUD,EUR,Pending,outer-transaction,14356.37,Web Portal,Medium,2026-12-17 14:45,60,UK,Germany,"5694 Maple Dr, Sydney"
TXN1000621,77253402.0,William Miller,,No,BRL,BRL,Pending,Outer-transaction,6529.72,Mobile App,Critical,2025-06-26 10:51,40,Canada,UK,"1744 Maple Dr, New York"
TXN1000622,66001691.0,Priya Anderson,Priya Volkov,No,,CAD,Non-KYC,EXTERNAL,13566.66,Branch Counter,Critical,2024-03-17 07:03,72,Australia,Canada,"342 View Rd, Toronto"
TXN1000623,20214735.0,Lucas Silva,David Moore,N,jpy,AUD,Pending,EXTERNAL,777.42,Agent Network,Medium,2022-01-24 11:39,33,Germany,Brazil,"7369 Pine Rd, Mumbai"
TXN1000624,67646579.0,Robert Hernandez,Sanjay Davis,1,USD,EUR,Unverified,Outer-transaction,13590.26,Web Portal,Medium,2026-03-08 05:46,25,UK,Australia,"8462 Cedar Ln, Mumbai"
TXN1000625,26299519.0,Zayn Souza,John Davis,No,AED,,Unverified,INTERNAL,1840.24,Agent Network,High,2023-02-20 11:47,21,Canada,Canada,"6431 Main St, Dubai"
TXN1000626,93260889.0,Lucas Silva,Jean-Pierre Williams,FALSE,GBP,GBP,,inter-transaction,456.54,ATM,Critical,2023-11-12 15:26,21,France,UAE,"1599 Maple Dr, Paris"
TXN1000627,18979241.0,Fatima Davis, amir velez   ,0,SGD,JPY,Unverified,Outer-transaction,65.79,Branch Counter,Low,2020-05-19 20:51,73,India,South Africa,"5262 Pine Rd, Sydney"
TXN1000628,89812369.0,Charles Moore,Jean-Pierre Brown,No,SGD,SGD,,inter-transaction,3698.1,Agent Network,Critical,2021-06-24 19:59,42,Australia,Brazil,"8077 Oak Ave, Toronto"
TXN1000629,30540246.0,  DAVID HERNANDEZ ,Zayn Wilson,TRUE,jpy,CAD,Verified,Outer-transaction,10679.89,Web Portal,Low,2023-11-15 03:10,84,UAE,USA,"9341 Broadway, Toronto"
TXN1000630,20581573.0,Elizabeth Johnson,David Martinez,N,JPY,JPY,Pending,inter-transaction,13595.73,Branch Counter,Low,2020-09-26 12:08,84,USA,USA,"7344 Maple Dr, New York"
TXN1000631,88960861.0,John Brown,Carlos Thomas,No,CAD,AUD,KYC,inter-transaction,2534.01,Agent Network,Low,2022-11-01 03:11,44,Australia,USA,"4406 Broadway, Toronto"
TXN1000632,64748819.0,John Velez,Charles Volkov,No,BRL,,Pending,inter-transaction,5170.58,ATM,Critical,2025-03-05 08:12,49,South Africa,USA,"4975 Broadway, Paris"
TXN1000633,25382790.0,Joseph Jackson,,No,GBP,CHF,KYC,Outer-transaction,14972.19,Mobile App,Low,2021-05-20 15:25,67,Canada,South Africa,"6682 View Rd, Toronto"
TXN1000634,65479681.0,Patricia Hernandez,William Anderson,No,BRL,ZAR,,inter-transaction,6656.74,Web Portal,Medium,2023-02-03 05:41,78,Brazil,Canada,"2757 Pine Rd, Toronto"
TXN1000635,16567733.0,David Smith,Jessica Anderson,No,USD,BRL,Verified,Outer-transaction,6398.02,Mobile App,Critical,2025-09-10 12:38,68,France,India,"9763 View Rd, Dubai"
TXN1000636,62424760.0,David Garcia,Sarah Davis,No,GBP,USD,,Outer-transaction,1656.27,Branch Counter,High,2025-02-15 18:23,36,India,Canada,"2007 View Rd, New York"
TXN1000637,,Carlos Martinez,David Silva,No,ZAR,JPY,Pending,Inter-transaction,2244.95,Mobile App,High,2022-12-28 18:48,38,France,Germany,"8205 Maple Dr, New York"
TXN1000638,46499378.0,,Sanjay Gonzalez,No,CHF,CHF,KYC,inter-transaction,5359.64,Web Portal,High,2022-03-23 12:12,22,Australia,Australia,"1566 Maple Dr, Dubai"
TXN1000639,15889037.0,William Anderson,Jessica Moore,FALSE,EUR,EUR,Non-KYC,inter-transaction,1461.87,Branch Counter,Low,2020-12-27 20:01,59,Brazil,UK,"2066 Broadway, Toronto"
TXN1000640,22550720.0,Lucas Rodriguez,Lucas Martin,No,zar,INR,,outer-transaction,12257.81,Web Portal,Critical,2023-12-27 09:21,78,South Africa,India,"6602 Cedar Ln, Sydney"
TXN1000641,70714168.0,Karen Rostova,Linda Smith,Yes,zar,CHF,,Outer-transaction,2945.88,Web Portal,Medium,2022-07-17 12:57,39,Germany,India,"7933 View Rd, Dubai"
TXN1000642,59209911.0,Sanjay Dubois, carlos dubois   ,No,ZAR,AUD,Verified,Inter-transaction,8000.11,ATM,Low,2020-04-09 08:32,38,USA,Canada,"8206 Pine Rd, Mumbai"
TXN1000643,84490480.0,Carlos Velez,Charles Volkov,0,CHF,CAD,,outer-transaction,2590.3,ATM,High,2024-08-08 13:47,18,Brazil,India,"5640 View Rd, Mumbai"
TXN1000644,81866578.0,Thomas Souza,Robert Malik,No,BRL,GBP,Unverified,outer-transaction,13640.9,Agent Network,Medium,2025-08-18 19:14,22,Canada,France,"699 Main St, Mumbai"
TXN1000645,19955322.0,Elizabeth Moore,Karen Williams,No,JPY,EUR,Non-KYC,Outer-transaction,12045.02,Web Portal,Low,2022-11-18 00:16,29,UAE,France,"8892 Cedar Ln, Dubai"
TXN1000646,47085870.0,Zayn Hernandez,John Johnson,N,USD,ZAR,,EXTERNAL,8791.75,Mobile App,Medium,2026-11-14 23:29,63,South Africa,Germany,"3737 Main St, Sydney"
TXN1000647,30102493.0,Susan Hernandez,Joseph Velez,No,JPY,ZAR,,INTERNAL,8104.8,Branch Counter,Critical,2022-07-09 12:58,51,USA,UK,"9390 Main St, Paris"
TXN1000648,68343093.0,Thomas Smith,Mary Martin,No,ZAR,AED,Verified,INTERNAL,2257.88,ATM,Low,2026-09-03 14:47,66,India,UAE,"8657 Oak Ave, Toronto"
TXN1000649,32848643.0,Lucas Jackson,Joseph Al-Sayed,No,BRL,USD,Pending,outer-transaction,9275.19,Mobile App,Medium,2021-09-23 15:01,62,UAE,South Africa,"7482 Cedar Ln, Paris"
TXN1000650,84597332.0,Priya Taylor,Fatima Smith,No,BRL,AED,Non-KYC,INTERNAL,2915.9,Web Portal,Low,2021-11-12 16:31,44,Australia,Canada,"3669 Maple Dr, Toronto"
TXN1000651,86694751.0,Sanjay Velez,Marta Al-Sayed,No,aed,GBP,Pending,outer-transaction,3215.98,Branch Counter,High,2026-01-13 10:07,43,Brazil,South Africa,"8604 Oak Ave, New York"
TXN1000652,60152461.0,Jean-Pierre Martinez,Zayn Malik,No,AUD,INR,,Inter-transaction,10033.28,ATM,Critical,2026-07-10 19:02,64,USA,UAE,"9369 Cedar Ln, Toronto"
TXN1000653,40315274.0,Fatima Brown,Susan Davis,No,JPY,JPY,,Inter-transaction,10108.43,Branch Counter,Low,2026-04-26 11:19,73,UK,Canada,"7108 Maple Dr, Dubai"
TXN1000654,57655811.0,William Khan,Charles Rodriguez,No,BRL,EUR,Pending,outer-transaction,7897.91,Mobile App,Low,2025-10-30 15:13,80,Germany,Canada,"2481 Pine Rd, Dubai"
TXN1000655,15262830.0,Carlos Wilson,,Yes,EUR,CHF,Pending,outer-transaction,11685.91,Agent Network,Low,2022-01-23 15:58,65,Germany,UK,"4543 Main St, Toronto"
TXN1000656,27167388.0,Amir Martin,Charles Souza,No,BRL,AUD,Pending,Inter-transaction,14405.92,ATM,Low,2024-01-04 20:48,78,South Africa,South Africa,"1873 View Rd, Sydney"
TXN1000657,80593346.0,  SANJAY DUBOIS ,Christopher Martinez,No,AED,INR,Unverified,Outer-transaction,2567.3,Web Portal,Medium,2021-12-20 10:48,43,India,France,"3264 Cedar Ln, Paris"
TXN1000658,49453084.0,Michael Taylor,Karen Wilson,1,USD,CAD,Unverified,EXTERNAL,704.91,Mobile App,Low,2020-03-15 18:53,53,South Africa,USA,"1046 View Rd, London"
TXN1000659,58495831.0,Joseph Gonzalez,Carlos Martin,No,USD,AUD,Non-KYC,Outer-transaction,3817.86,Branch Counter,High,2023-07-17 00:29,18,UK,South Africa,"606 Broadway, Mumbai"
TXN1000660,96456474.0,Carlos Jones, nancy miller   ,TRUE,AED,AED,Pending,outer-transaction,11705.85,Branch Counter,High,2025-04-06 11:14,25,Canada,Australia,"6819 View Rd, Sydney"
TXN1000661,60238044.0,Nancy Al-Sayed,Patricia Johnson,No,CAD,SGD,Pending,EXTERNAL,981.95,Branch Counter,High,2020-03-02 17:27,69,India,Australia,"8797 View Rd, Paris"
TXN1000662,93721739.0,Sanjay Wilson,Jean-Pierre Martin,No,AUD,ZAR,,outer-transaction,1353.92,Agent Network,High,2022-05-23 22:13,64,France,Canada,"6460 Oak Ave, Paris"
TXN1000663,,Jean-Pierre Taylor,Carlos Martinez,No,INR,GBP,Non-KYC,outer-transaction,6069.14,Agent Network,Low,2020-11-15 00:44,73,Canada,USA,"1292 Oak Ave, London"
TXN1000664,,Sanjay Anderson,Linda Al-Sayed,No,JPY,BRL,,Outer-transaction,13478.84,Agent Network,Medium,2025-11-19 14:06,31,India,Brazil,"1564 Broadway, Mumbai"
TXN1000665,86003182.0,Nancy Wilson,Richard Smith,No,GBP,AUD,Pending,outer-transaction,8597.97,Branch Counter,Critical,2023-12-23 14:51,45,India,UAE,"6206 Maple Dr, New York"
TXN1000666,80934691.0,,Richard Souza,N,AED,INR,Pending,inter-transaction,9394.36,Mobile App,Low,2022-05-23 09:45,19,UK,Germany,"2660 Maple Dr, Mumbai"
TXN1000667,18402695.0,Mary Brown,Amir Dubois,No,INR,EUR,KYC,Inter-transaction,14180.7,ATM,Low,2024-10-11 05:45,43,Australia,USA,"1311 Oak Ave, Sydney"
TXN1000668,94495057.0,Charles Miller,Zayn Jackson,1,ZAR,AUD,Unverified,outer-transaction,6646.0,Branch Counter,Critical,2026-04-21 23:56,31,UK,Germany,"9204 Maple Dr, Toronto"
TXN1000669,28413747.0,  SUSAN SMITH ,Karen Silva,No,SGD,BRL,,INTERNAL,1011.24,Branch Counter,Low,2024-04-04 21:43,76,India,South Africa,"8793 Oak Ave, Sydney"
TXN1000670,52171230.0,Susan Rostova,Priya Garcia,No,AUD,EUR,Non-KYC,EXTERNAL,1533.83,Agent Network,Medium,2020-04-21 10:28,73,USA,South Africa,"7780 Broadway, Dubai"
TXN1000671,83298017.0,Christopher Lopez,Joseph Brown,No,SGD,EUR,Non-KYC,INTERNAL,4852.11,Web Portal,Critical,2021-04-05 19:53,24,Canada,Germany,"7445 Main St, Mumbai"
TXN1000672,43571334.0,Amir Brown,Joseph Thomas,No,GBP,SGD,Non-KYC,EXTERNAL,1393.11,ATM,Medium,2022-06-05 23:56,20,UK,UAE,"4486 Cedar Ln, Toronto"
TXN1000673,91402258.0,Thomas Davis,Jean-Pierre Wilson,Y,INR,JPY,Unverified,Inter-transaction,5083.68,Agent Network,Critical,2023-01-20 18:01,40,Australia,USA,"2439 Oak Ave, Sydney"
TXN1000674,74199191.0,  ELENA JOHNSON ,Joseph Malik,0,INR,,Unverified,INTERNAL,2163.01,Web Portal,Medium,2022-12-11 21:19,35,Brazil,Brazil,"6030 Pine Rd, Dubai"
TXN1000675,54969786.0,Karen Anderson,Priya Brown,No,AUD,CHF,Pending,Outer-transaction,4917.61,ATM,Critical,2021-06-03 00:07,55,South Africa,Canada,"5375 Maple Dr, Mumbai"
TXN1000676,12169801.0,Linda Jones,Carlos Souza,No,CAD,USD,,INTERNAL,10754.1,Branch Counter,High,2022-03-22 13:08,32,India,UK,"8850 Pine Rd, Toronto"
TXN1000677,56543939.0,Thomas Nair,Karen Taylor,No,USD,BRL,Unverified,outer-transaction,7169.25,Agent Network,Medium,2026-04-02 01:56,81,France,South Africa,"4616 Main St, Paris"
TXN1000678,,Nancy Moore,Sarah Gonzalez,No,CHF,CHF,Verified,INTERNAL,8656.3,ATM,Low,2025-04-08 22:04,45,Brazil,Australia,"4499 View Rd, London"
TXN1000679,14012808.0,  MARTA VOLKOV ,Zayn Lopez,N,AUD,AUD,Non-KYC,inter-transaction,13497.5,Web Portal,High,2024-05-23 22:24,56,Germany,UAE,"8211 Broadway, New York"
TXN1000680,92059030.0,Barbara Garcia,Sanjay Davis,No,GBP,ZAR,Non-KYC,INTERNAL,14407.52,Agent Network,Low,2022-07-15 07:15,74,UAE,UK,"3815 View Rd, Dubai"
TXN1000681,,Linda Souza,Richard Gonzalez,No,CHF,GBP,,inter-transaction,1542.29,Agent Network,Low,2021-07-10 21:47,34,Australia,Brazil,"1401 Pine Rd, London"
TXN1000682,12098146.0,Nancy Hernandez,Jean-Pierre Thomas,N,AED,AED,Pending,INTERNAL,1126.9,Mobile App,Critical,2026-03-31 12:51,61,France,India,"2255 Maple Dr, Dubai"
TXN1000683,58885275.0,William Gonzalez,Barbara Williams,No,SGD,EUR,Non-KYC,outer-transaction,7143.08,Agent Network,Low,2022-11-21 14:00,42,UAE,Canada,"792 Broadway, Paris"
TXN1000684,96343880.0,Lucas Brown,Barbara Dubois,N,USD,CAD,Pending,outer-transaction,8426.67,Agent Network,Medium,2021-08-01 21:02,34,Australia,South Africa,"6496 Main St, Paris"
TXN1000685,28367664.0,Priya Hernandez,Karen Silva,0,aud,AUD,Unverified,INTERNAL,6638.6,Branch Counter,Medium,2021-06-25 05:53,30,USA,Canada,"541 Oak Ave, Paris"
TXN1000686,,Jessica Lopez,Lucas Malik,No,BRL,CHF,KYC,EXTERNAL,6427.33,Branch Counter,Low,2025-12-01 13:35,42,South Africa,UK,"5309 Cedar Ln, Dubai"
TXN1000687,19764093.0,Elizabeth Jones, sanjay volkov   ,N,EUR,cad,Non-KYC,EXTERNAL,9498.75,Agent Network,Medium,2026-03-01 17:46,85,Brazil,Canada,"4777 Maple Dr, Dubai"
TXN1000688,29337067.0,Sarah Malik,Elena Souza,No,SGD,ZAR,Non-KYC,inter-transaction,12690.99,Web Portal,High,2022-11-18 08:17,27,Canada,India,"8310 Cedar Ln, London"
TXN1000689,35558238.0,,Michael Miller,No,ZAR,usd,Pending,Outer-transaction,6236.37,ATM,Medium,2021-04-18 02:09,84,Australia,UK,"8033 Cedar Ln, Dubai"
TXN1000690,71206971.0,Linda Silva,Linda Volkov,No,SGD,CAD,Non-KYC,INTERNAL,14132.64,Branch Counter,Medium,2026-04-19 16:38,35,Canada,South Africa,"8028 Oak Ave, New York"
TXN1000691,62679863.0,Mary Moore,Zayn Garcia,Yes,EUR,ZAR,,Outer-transaction,13887.67,Agent Network,Medium,2022-06-23 14:00,51,South Africa,USA,"6189 Cedar Ln, Sydney"
TXN1000692,23530495.0,Fatima Wilson,Lucas Hernandez,No,CHF,EUR,,inter-transaction,10540.03,Web Portal,Medium,2025-04-29 10:48,25,India,Australia,"7897 View Rd, Toronto"
TXN1000693,31684442.0,Lucas Gonzalez,Barbara Davis,1,CHF,CAD,,Inter-transaction,2715.1,ATM,Critical,2021-01-20 04:06,57,Germany,UK,"3594 Main St, Dubai"
TXN1000694,80732751.0,Priya Thomas,Fatima Brown,No,BRL,CAD,KYC,EXTERNAL,11293.71,Mobile App,Medium,2020-03-02 18:56,59,Brazil,France,"504 Maple Dr, Paris"
TXN1000695,84384809.0,Sarah Martin,Lucas Velez,Y,JPY,JPY,,inter-transaction,10013.55,Branch Counter,Medium,2021-05-29 23:28,58,South Africa,India,"9856 Main St, Toronto"
TXN1000696,37111336.0,John Rodriguez, barbara davis   ,0,ZAR,EUR,Non-KYC,Outer-transaction,13081.38,Agent Network,Low,2021-03-05 14:34,23,South Africa,UK,"1825 Cedar Ln, Paris"
TXN1000697,50639874.0,William Thomas,David Nair,Y,jpy,INR,KYC,Outer-transaction,10304.74,ATM,Low,2021-08-02 14:36,69,USA,UK,"5911 Broadway, Mumbai"
TXN1000698,71786427.0,Jessica Anderson,Jean-Pierre Velez,No,EUR,CHF,Non-KYC,Inter-transaction,1823.14,Mobile App,Critical,2024-04-09 22:11,43,UAE,France,"271 View Rd, London"
TXN1000699,,Mary Martinez,Christopher Miller,No,CAD,INR,Pending,Inter-transaction,2252.98,Branch Counter,Medium,2023-03-10 19:36,81,Germany,South Africa,"2406 Broadway, Toronto"
TXN1000700,87367064.0,Marta Hernandez,Michael Jones,No,aud,GBP,Verified,EXTERNAL,5713.63,Mobile App,Low,2023-08-16 02:08,76,Brazil,UK,"521 Cedar Ln, London"
TXN1000701,40717503.0,Thomas Brown,Michael Rodriguez,No,CAD,JPY,KYC,inter-transaction,14123.27,Web Portal,Low,2026-06-16 08:38,73,India,Australia,"4775 Pine Rd, London"
TXN1000702,32327365.0,Nancy Martin,Mary Anderson,Yes,EUR,AUD,,EXTERNAL,14177.84,Mobile App,High,2021-04-15 01:22,76,India,Canada,"6848 View Rd, London"
TXN1000703,14346370.0,Elizabeth Johnson,Patricia Smith,No,AUD,SGD,Pending,Inter-transaction,5569.61,Agent Network,High,2023-11-17 22:58,50,UK,South Africa,"3343 Broadway, Dubai"
TXN1000704,71974482.0,Jessica Smith,Patricia Johnson,No,EUR,JPY,Non-KYC,Inter-transaction,6745.39,Branch Counter,Low,2024-07-23 20:15,70,South Africa,Australia,"9741 Main St, Paris"
TXN1000705,29881959.0,Christopher Smith,Zayn Al-Sayed,No,cad,BRL,KYC,outer-transaction,10692.19,Branch Counter,Low,2024-01-08 08:12,39,Australia,South Africa,"9882 Pine Rd, Paris"
TXN1000706,36380976.0,John Smith,Christopher Wilson,No,JPY,JPY,Non-KYC,Inter-transaction,8423.26,Branch Counter,Medium,2022-03-19 18:51,38,USA,Australia,"5898 Maple Dr, Sydney"
TXN1000707,68627491.0,  AMIR JONES ,Robert Lopez,No,JPY,INR,Unverified,outer-transaction,6389.2,Branch Counter,High,2020-06-20 16:37,21,Germany,India,"9946 Main St, New York"
TXN1000708,97926462.0,David Jackson,Elizabeth Moore,N,JPY,EUR,Pending,Inter-transaction,4732.55,Mobile App,High,2020-01-31 03:00,79,India,Australia,"9245 Cedar Ln, Dubai"
TXN1000709,63016030.0,Lucas Martin,Charles Thomas,No,ZAR,EUR,Pending,EXTERNAL,4396.31,ATM,Critical,2020-02-16 17:50,79,Brazil,Germany,"6659 Cedar Ln, Paris"
TXN1000710,,Jessica Garcia,William Al-Sayed,No,JPY,ZAR,KYC,Inter-transaction,10675.19,Branch Counter,Medium,2020-05-09 08:12,41,UK,Australia,"5773 Cedar Ln, Toronto"
TXN1000711,21948440.0,Jessica Johnson,Amir Garcia,No,ZAR,USD,Pending,Inter-transaction,3535.81,Agent Network,Critical,2026-07-27 07:54,72,Brazil,USA,"1453 Pine Rd, Paris"
TXN1000712,98783194.0,Charles Smith,Amir Khan,Y,JPY,AUD,,INTERNAL,7702.05,Web Portal,Critical,2022-09-04 12:14,26,USA,USA,"9181 Broadway, Paris"
TXN1000713,52976267.0,Sarah Velez,Robert Khan,N,INR,AUD,Non-KYC,INTERNAL,13365.94,Agent Network,High,2024-07-03 10:43,20,Australia,UAE,"1024 Pine Rd, Paris"
TXN1000714,99962943.0,Priya Malik,Sarah Velez,No,AED,USD,Pending,outer-transaction,1696.27,ATM,Low,2024-05-23 13:03,48,UK,Germany,"5606 Pine Rd, London"
TXN1000715,60652004.0,Susan Brown,Jean-Pierre Souza,No,ZAR,ZAR,,EXTERNAL,4252.77,Agent Network,Critical,2020-02-27 00:23,57,UK,Germany,"2495 Cedar Ln, Paris"
TXN1000716,69585481.0,John Jones,Karen Hernandez,No,GBP,GBP,Pending,INTERNAL,1884.61,Agent Network,Medium,2023-02-03 03:50,53,UAE,Canada,"8326 View Rd, Sydney"
TXN1000717,74360568.0,Michael Dubois,Charles Anderson,No,,AUD,KYC,INTERNAL,13441.94,Web Portal,High,2023-09-15 08:09,41,Germany,Germany,"2770 View Rd, Mumbai"
TXN1000718,43369932.0,Mary Souza,David Hernandez,No,EUR,aud,Verified,inter-transaction,7438.92,Branch Counter,Low,2022-02-06 03:19,23,UK,Canada,"3238 Broadway, London"
TXN1000719,18479821.0,Sarah Dubois,Fatima Thomas,Y,BRL,EUR,,Inter-transaction,8205.1,Mobile App,Critical,2021-11-13 08:44,83,UAE,UAE,"8631 Broadway, Sydney"
TXN1000720,53815113.0,Nancy Garcia,Priya Gonzalez,No,AED,JPY,Pending,outer-transaction,10450.22,Agent Network,Critical,2025-07-01 11:10,21,UAE,UAE,"656 Broadway, Mumbai"
TXN1000721,98571165.0,Mary Brown,Patricia Martin,No,CHF,ZAR,Unverified,EXTERNAL,676.88,Mobile App,Low,2026-05-22 11:17,23,USA,India,"3667 Main St, Sydney"
TXN1000722,37802066.0,Jessica Hernandez,Elizabeth Wilson,TRUE,ZAR,GBP,KYC,Inter-transaction,381.35,Agent Network,High,2024-11-25 11:47,68,Canada,USA,"6577 Cedar Ln, Mumbai"
TXN1000723,46771858.0,Lucas Volkov, fatima malik   ,No,AUD,AUD,Verified,inter-transaction,6359.62,Branch Counter,Critical,2024-01-17 04:19,79,Brazil,Australia,"1116 Broadway, Paris"
TXN1000724,77970791.0,Lucas Martin,John Wilson,No,CAD,AED,,inter-transaction,10511.97,Mobile App,Low,2022-06-04 11:20,74,Australia,Australia,"9130 View Rd, London"
TXN1000725,35063557.0,Patricia Garcia,Michael Martinez,No,SGD,AUD,Verified,INTERNAL,1019.31,Mobile App,Low,2021-01-31 10:08,83,France,France,"3596 View Rd, New York"
TXN1000726,81592930.0,,Sanjay Gonzalez,FALSE,usd,JPY,Pending,Outer-transaction,2946.3,Mobile App,Medium,2024-03-18 17:24,25,Brazil,France,"9743 Main St, London"
TXN1000727,45315666.0,Zayn Garcia,Sanjay Silva,No,GBP,BRL,Unverified,inter-transaction,3427.36,Branch Counter,Critical,2025-09-04 02:51,43,UK,Brazil,"9806 View Rd, New York"
TXN1000728,27168689.0,Patricia Velez, karen rostova   ,N,JPY,CAD,,outer-transaction,3824.43,Branch Counter,High,2020-11-08 16:13,68,Australia,South Africa,"4156 Oak Ave, Sydney"
TXN1000729,70055642.0,Barbara Dubois,Karen Martin,N,BRL,SGD,Unverified,Outer-transaction,3651.01,Branch Counter,Medium,2025-12-13 00:16,62,India,India,"1789 View Rd, Dubai"
TXN1000730,57463440.0,Elena Smith,Sanjay Moore,No,,CHF,Non-KYC,Inter-transaction,5805.33,Web Portal,High,2024-05-07 07:04,61,Canada,Brazil,"7180 Maple Dr, New York"
TXN1000731,95143591.0,Fatima Brown,Charles Williams,Yes,AUD,SGD,Non-KYC,inter-transaction,3819.0,Branch Counter,High,2023-05-06 04:40,22,India,Brazil,"3962 Pine Rd, Dubai"
TXN1000732,39184664.0,Thomas Rostova,Lucas Moore,No,ZAR,ZAR,KYC,Outer-transaction,8054.1,Agent Network,High,2022-03-21 02:18,43,India,UK,"9742 Main St, London"
TXN1000733,90376344.0,Mary Martinez,Richard Thomas,No,GBP,SGD,KYC,EXTERNAL,14797.57,Agent Network,Critical,2026-02-13 22:08,85,Germany,UK,"3361 Cedar Ln, Toronto"
TXN1000734,41979677.0,Christopher Silva,,TRUE,ZAR,,Non-KYC,Outer-transaction,7761.05,Agent Network,Low,2025-07-25 21:29,36,Brazil,Brazil,"1919 Oak Ave, Toronto"
TXN1000735,80064547.0,Joseph Anderson,Jessica Gonzalez,No,USD,JPY,,outer-transaction,1834.32,Agent Network,Low,2024-02-16 17:15,37,France,Germany,"1442 Main St, Sydney"
TXN1000736,52859035.0,Sanjay Davis,,No,USD,SGD,Verified,inter-transaction,6135.93,Agent Network,High,2021-03-25 00:01,29,USA,South Africa,"2326 Pine Rd, Paris"
TXN1000737,59668381.0,Amir Khan,David Hernandez,1,CHF,aud,,outer-transaction,6337.01,Mobile App,Low,2025-03-09 13:45,64,France,India,"6380 Maple Dr, Sydney"
TXN1000738,40171534.0,Barbara Smith,Lucas Anderson,No,EUR,AUD,Pending,INTERNAL,235.52,Agent Network,Medium,2023-10-09 00:25,18,India,Brazil,"7335 View Rd, New York"
TXN1000739,62132081.0,Nancy Anderson,Lucas Smith,No,JPY,AUD,,EXTERNAL,9616.17,Agent Network,Low,2021-08-19 15:14,31,UK,Australia,"5189 Pine Rd, London"
TXN1000740,13137155.0,,Elizabeth Jones,No,EUR,GBP,Pending,INTERNAL,8390.43,Web Portal,Critical,2025-11-17 14:43,81,Canada,South Africa,"9195 View Rd, Paris"
TXN1000741,19776373.0,Lucas Anderson,Susan Hernandez,No,EUR,SGD,Unverified,INTERNAL,2781.32,Mobile App,Low,2021-09-07 15:13,55,South Africa,UK,"2753 Cedar Ln, Mumbai"
TXN1000742,,Richard Taylor,Christopher Williams,No,BRL,,,inter-transaction,5599.0,Mobile App,High,2022-08-05 23:46,54,France,Australia,"7976 Main St, Sydney"
TXN1000743,87111120.0,John Al-Sayed,Mary Williams,No,,BRL,Non-KYC,inter-transaction,12715.8,ATM,Medium,2024-04-30 22:14,28,India,UK,"1241 Oak Ave, Paris"
TXN1000744,79816122.0,Sanjay Souza,Amir Taylor,No,BRL,AED,Pending,inter-transaction,103.64,Mobile App,Low,2021-07-09 18:07,20,Canada,UK,"2997 Oak Ave, London"
TXN1000745,72253115.0,Carlos Silva,Patricia Khan,No,CAD,gbp,,Inter-transaction,12314.02,Web Portal,Medium,2020-10-04 01:01,50,Australia,South Africa,"2138 Cedar Ln, London"
TXN1000746,97730855.0,Robert Volkov,Charles Jackson,N,JPY,BRL,Unverified,outer-transaction,8900.54,Agent Network,Medium,2025-07-06 09:34,23,Brazil,UK,"4370 Broadway, Sydney"
TXN1000747,93806250.0,Lucas Al-Sayed,Charles Souza,No,SGD,INR,KYC,Inter-transaction,3874.68,Mobile App,Medium,2021-05-05 22:48,67,UAE,UAE,"594 Cedar Ln, London"
TXN1000748,58310738.0,Thomas Rodriguez,Charles Dubois,Y,INR,CAD,Pending,outer-transaction,593.38,ATM,Critical,2020-09-11 07:27,27,Germany,USA,"1884 Broadway, Toronto"
TXN1000749,50753834.0,Linda Hernandez,Lucas Davis,No,ZAR,aed,Unverified,inter-transaction,10573.27,ATM,High,2026-08-25 22:03,22,Canada,UAE,"5366 Pine Rd, Paris"
TXN1000750,89734272.0,  MARY MOORE ,,0,cad,EUR,KYC,Outer-transaction,1504.95,Mobile App,Low,2022-06-10 13:52,40,UK,USA,"5528 Oak Ave, Dubai"
TXN1000751,62219432.0,Mary Velez,Elena Garcia,No,USD,,,Inter-transaction,10241.99,Mobile App,Low,2021-06-25 09:28,27,UK,France,"9743 Main St, New York"
TXN1000752,66060162.0,Jean-Pierre Silva,Elena Souza,No,CAD,EUR,,EXTERNAL,10299.04,Branch Counter,Critical,2023-07-11 00:03,61,Canada,France,"4758 Pine Rd, Paris"
TXN1000753,72236168.0,Nancy Moore,Mary Souza,No,BRL,CHF,KYC,Inter-transaction,14738.68,Branch Counter,Medium,2024-06-21 00:48,19,UK,UK,"6969 Broadway, Dubai"
TXN1000754,38791442.0,Jessica Johnson,Charles Martin,No,aed,EUR,,inter-transaction,13208.7,Agent Network,Medium,2022-04-04 16:38,30,Brazil,India,"6319 Broadway, Sydney"
TXN1000755,14463768.0,Mary Wilson,Sarah Jackson,1,usd,ZAR,KYC,INTERNAL,5808.99,ATM,Critical,2023-09-14 22:31,57,UK,India,"6079 Maple Dr, Toronto"
TXN1000756,39233152.0,  MARTA MILLER ,Christopher Malik,No,CHF,BRL,Unverified,Outer-transaction,5019.27,Mobile App,Medium,2020-10-07 19:14,19,France,USA,"1412 Pine Rd, Sydney"
TXN1000757,,Barbara Brown,Thomas Moore,No,CHF,USD,Non-KYC,inter-transaction,4972.14,Mobile App,Low,2023-07-22 12:59,82,UAE,Australia,"3038 Maple Dr, Mumbai"
TXN1000758,10754115.0,Sanjay Dubois,Karen Moore,0,JPY,AED,Non-KYC,Outer-transaction,9247.83,Mobile App,High,2022-02-11 01:59,80,UK,South Africa,"3297 Main St, Mumbai"
TXN1000759,34973630.0,Robert Garcia,Christopher Al-Sayed,No,AUD,AED,Non-KYC,Inter-transaction,13272.32,Web Portal,Critical,2020-11-23 18:23,34,UAE,UK,"5830 Oak Ave, Paris"
TXN1000760,69715838.0,Patricia Williams,Lucas Lopez,N,INR,BRL,,INTERNAL,10886.1,Web Portal,Low,2026-03-08 12:23,26,India,South Africa,"5702 View Rd, Mumbai"
TXN1000761,24282914.0,Jean-Pierre Brown,Charles Wilson,No,CAD,CAD,,outer-transaction,2520.52,Mobile App,Critical,2022-07-11 10:58,32,USA,UAE,"1466 Maple Dr, Dubai"
TXN1000762,38983946.0,,Joseph Martin,1,JPY,CHF,KYC,EXTERNAL,1448.66,Agent Network,Medium,2021-07-05 21:14,41,Brazil,India,"6771 Maple Dr, Toronto"
TXN1000763,40687335.0,Michael Velez,Michael Johnson,No,AED,AED,Pending,EXTERNAL,1654.5,ATM,High,2025-09-04 09:40,55,USA,Germany,"4639 Cedar Ln, Dubai"
TXN1000764,47178071.0,Priya Rostova,Elena Jones,No,GBP,GBP,Non-KYC,inter-transaction,10770.61,Mobile App,Medium,2025-09-05 08:51,52,India,UAE,"2987 Maple Dr, Paris"
TXN1000765,56229195.0,Elena Silva,Nancy Davis,0,SGD,SGD,KYC,EXTERNAL,353.54,Web Portal,Low,2021-12-02 00:16,66,Brazil,UAE,"4186 View Rd, Mumbai"
TXN1000766,,Christopher Al-Sayed,Charles Miller,No,USD,AED,Unverified,Outer-transaction,2271.03,Mobile App,Medium,2025-04-03 11:09,79,Canada,USA,"2941 Cedar Ln, New York"
TXN1000767,62781957.0,Thomas Dubois,Carlos Volkov,No,INR,BRL,KYC,inter-transaction,8722.39,Branch Counter,High,2026-09-26 04:28,77,Canada,Canada,"3660 Main St, Dubai"
TXN1000768,56142700.0,John Martinez,Sanjay Martin,No,SGD,INR,Verified,Outer-transaction,3843.34,ATM,Medium,2020-06-15 17:46,67,UAE,UAE,"4858 Pine Rd, Paris"
TXN1000769,15273520.0,Karen Al-Sayed,Sarah Martin,1,CHF,EUR,,Inter-transaction,9873.64,Agent Network,Critical,2020-06-17 05:38,26,India,UK,"5114 View Rd, Mumbai"
TXN1000770,71865387.0,Linda Volkov,Susan Velez,No,JPY,INR,Non-KYC,Inter-transaction,1189.5,Branch Counter,Critical,2020-08-16 16:05,51,UAE,Brazil,"590 Oak Ave, Paris"
TXN1000771,46045914.0,Sarah Hernandez,Lucas Anderson,No,BRL,BRL,Non-KYC,inter-transaction,14506.14,ATM,High,2025-06-25 07:11,52,Germany,Brazil,"3634 Main St, Mumbai"
TXN1000772,47628906.0,Michael Williams,Linda Hernandez,No,$,JPY,Verified,INTERNAL,1322.2,Branch Counter,Medium,2021-01-01 20:13,18,UK,UK,"5114 Pine Rd, Mumbai"
TXN1000773,42149055.0,John Anderson,Zayn Rodriguez,No,CAD,BRL,KYC,EXTERNAL,14305.32,Agent Network,Medium,2021-06-11 11:54,57,South Africa,Canada,"3087 Oak Ave, Toronto"
TXN1000774,86043905.0,Jessica Davis,Marta Dubois,No,EUR,ZAR,Pending,inter-transaction,13797.09,Web Portal,Low,2022-03-01 09:53,81,Germany,Canada,"4630 Oak Ave, Paris"
TXN1000775,98307414.0,David Al-Sayed, carlos garcia   ,No,JPY,SGD,Unverified,Outer-transaction,9645.81,Web Portal,Low,2021-06-07 19:14,39,UK,USA,"1173 Maple Dr, Toronto"
TXN1000776,53474974.0,Jessica Miller,William Anderson,No,AED,USD,Unverified,INTERNAL,952.6,Branch Counter,High,2022-12-31 06:57,77,Brazil,India,"2793 Pine Rd, New York"
TXN1000777,72158202.0,Marta Malik,William Brown,No,CHF,AED,Unverified,INTERNAL,12093.78,Mobile App,Critical,2024-07-26 08:09,81,UAE,South Africa,"4440 Cedar Ln, New York"
TXN1000778,13595556.0,Nancy Nair,Linda Jackson,Yes,SGD,INR,,EXTERNAL,3206.0,Web Portal,Medium,2025-11-23 09:47,28,Brazil,Canada,"8066 Cedar Ln, London"
TXN1000779,33395000.0,John Martinez,Susan Malik,No,BRL,INR,KYC,outer-transaction,5962.47,Mobile App,Critical,2025-03-23 06:27,31,Brazil,Germany,"2259 Cedar Ln, Mumbai"
TXN1000780,36830566.0,Joseph Johnson,Patricia Smith,No,GBP,AUD,Pending,EXTERNAL,8407.71,Web Portal,Low,2023-07-29 04:54,77,UK,USA,"6872 Maple Dr, New York"
TXN1000781,74220011.0,William Hernandez,Thomas Dubois,No,GBP,INR,Non-KYC,EXTERNAL,7630.29,Mobile App,High,2020-05-12 02:49,47,India,France,"8319 Main St, London"
TXN1000782,94736386.0,Zayn Garcia,Linda Al-Sayed,1,AUD,USD,,Inter-transaction,13504.27,Web Portal,Critical,2026-05-05 10:14,52,UK,Australia,"9813 Main St, Dubai"
TXN1000783,41717630.0,  JOHN THOMAS ,Marta Hernandez,No,JPY,AED,Non-KYC,outer-transaction,2625.98,Mobile App,High,2024-06-30 20:51,54,Australia,France,"2396 Cedar Ln, Dubai"
TXN1000784,16044217.0,Susan Hernandez,David Jackson,No,GBP,ZAR,Pending,EXTERNAL,5139.89,ATM,High,2025-03-03 04:55,22,Canada,USA,"1001 Cedar Ln, Toronto"
TXN1000785,76659389.0,Susan Silva,Linda Johnson,No,usd,GBP,,outer-transaction,1450.45,Mobile App,Medium,2024-11-05 11:03,43,Canada,UAE,"1777 Oak Ave, Toronto"
TXN1000786,96874609.0,Thomas Gonzalez,Mary Jackson,1,sgd,INR,Non-KYC,Outer-transaction,6573.36,ATM,Low,2020-01-18 14:08,79,Germany,South Africa,"5722 Cedar Ln, Toronto"
TXN1000787,95550709.0,Priya Miller,Sanjay Velez,No,BRL,BRL,Non-KYC,Inter-transaction,14307.66,Agent Network,High,2024-11-12 06:41,21,Canada,Australia,"1348 Pine Rd, London"
TXN1000788,60752545.0,David Martinez,Christopher Nair,No,aed,SGD,Verified,inter-transaction,8175.89,ATM,Critical,2020-04-26 22:44,59,UK,France,"6179 Main St, Sydney"
TXN1000789,56648543.0,Jessica Rostova, mary rodriguez   ,Y,USD,USD,,outer-transaction,14626.02,Agent Network,Critical,2022-03-08 07:43,35,France,Australia,"7136 Cedar Ln, Toronto"
TXN1000790,53096805.0,William Johnson,Elena Lopez,No,BRL,USD,Non-KYC,outer-transaction,4502.65,Mobile App,High,2024-09-07 21:23,57,UAE,Germany,"2148 Maple Dr, New York"
TXN1000791,98242667.0,Jessica Davis,Barbara Hernandez,N,AED,BRL,KYC,outer-transaction,8545.09,Agent Network,Medium,2022-01-22 18:57,56,UK,Germany,"2576 Main St, Sydney"
TXN1000792,12305350.0,,Marta Khan,No,JPY,GBP,Unverified,EXTERNAL,14028.34,Agent Network,High,2026-10-05 00:15,31,UK,Germany,"3653 Main St, London"
TXN1000793,25454302.0,Zayn Thomas,Jean-Pierre Johnson,No,AED,JPY,Pending,Outer-transaction,12888.56,Web Portal,Low,2023-10-24 21:48,49,South Africa,USA,"320 Pine Rd, Paris"
TXN1000794,39990423.0,Christopher Johnson,Amir Smith,No,BRL,CAD,,inter-transaction,7936.19,Agent Network,Critical,2025-09-28 17:42,68,UAE,South Africa,"4918 Main St, Dubai"
TXN1000795,20587268.0,Priya Jackson,Nancy Miller,1,AED,BRL,KYC,Inter-transaction,3350.11,Agent Network,High,2021-11-08 17:06,55,Australia,USA,"5718 Main St, New York"
TXN1000796,43374719.0,William Martinez,Thomas Martinez,No,AUD,INR,Pending,EXTERNAL,10400.27,ATM,Low,2020-04-15 17:25,40,Canada,Brazil,"7309 Pine Rd, New York"
TXN1000797,61194546.0,Jean-Pierre Jackson,Mary Jones,Y,ZAR,EUR,Non-KYC,Inter-transaction,4538.45,Branch Counter,Low,2021-10-19 07:05,80,UAE,UAE,"1971 Maple Dr, Paris"
TXN1000798,47625379.0,Jessica Gonzalez,Richard Garcia,No,CAD,BRL,Non-KYC,INTERNAL,11900.19,Mobile App,Medium,2025-04-30 06:22,32,Canada,UAE,"5621 Oak Ave, New York"
TXN1000799,44042835.0,Jessica Anderson,Thomas Williams,Yes,EUR,ZAR,Unverified,Outer-transaction,11640.83,Agent Network,High,2023-12-19 21:41,42,Germany,Germany,"8336 View Rd, Mumbai"
TXN1000800,40981524.0,Fatima Jackson,Karen Dubois,No,SGD,GBP,Non-KYC,INTERNAL,4447.12,Mobile App,Low,2022-12-31 10:56,34,UAE,Brazil,"5853 View Rd, New York"
TXN1000801,65510726.0,Priya Khan,David Velez,Y,SGD,BRL,Verified,inter-transaction,6214.66,Agent Network,Medium,2022-09-14 12:08,83,Canada,Canada,"6291 Pine Rd, Paris"
TXN1000802,94412523.0,Michael Hernandez,Charles Malik,0,GBP,GBP,Unverified,INTERNAL,4233.39,Branch Counter,Medium,2024-12-13 06:08,70,Australia,Canada,"1101 Oak Ave, Dubai"
TXN1000803,21536372.0,Mary Brown,Charles Anderson,1,USD,INR,KYC,EXTERNAL,13745.8,Mobile App,Critical,2024-11-17 12:57,68,USA,Germany,"6999 Oak Ave, Sydney"
TXN1000804,,Nancy Rodriguez,Elena Lopez,No,CAD,BRL,Unverified,outer-transaction,11229.09,Web Portal,Medium,2021-03-21 02:34,56,Brazil,France,"4576 Main St, Paris"
TXN1000805,44986948.0,Christopher Volkov,Sanjay Gonzalez,N,INR,INR,Verified,inter-transaction,6647.85,Mobile App,High,2025-05-02 00:20,68,Brazil,USA,"615 Broadway, New York"
TXN1000806,60223068.0,Nancy Velez,Joseph Dubois,No,CAD,EUR,Pending,EXTERNAL,13557.57,ATM,Critical,2025-10-18 19:33,23,Australia,Germany,"6397 Maple Dr, New York"
TXN1000807,32883633.0,Linda Souza,Susan Jackson,No,AUD,EUR,,inter-transaction,8594.84,Web Portal,Medium,2025-06-20 02:14,84,South Africa,India,"371 Broadway, Toronto"
TXN1000808,52386580.0,Jean-Pierre Velez,Elena Jackson,No,AUD,INR,,inter-transaction,9964.56,Web Portal,Low,2026-01-06 23:31,24,USA,Australia,"6108 Maple Dr, Mumbai"
TXN1000809,37482786.0,Fatima Brown,Elizabeth Nair,No,USD,USD,,Inter-transaction,2659.94,Web Portal,Low,2022-02-12 05:44,68,Germany,UAE,"3432 Maple Dr, Paris"
TXN1000810,68443796.0,Karen Wilson,Karen Thomas,FALSE,AED,USD,Unverified,inter-transaction,14832.44,Web Portal,Low,2024-04-10 20:32,59,Australia,Canada,"9973 Broadway, London"
TXN1000811,52101199.0,Charles Hernandez,Jean-Pierre Al-Sayed,1,ZAR,AUD,Unverified,EXTERNAL,1948.22,Branch Counter,Medium,2024-08-02 19:18,81,Brazil,UK,"3776 Cedar Ln, Sydney"
TXN1000812,18585082.0,Mary Martinez,Linda Martin,No,INR,EUR,,Inter-transaction,1359.81,Agent Network,Critical,2023-01-27 00:27,32,Brazil,Canada,"5133 Cedar Ln, London"
TXN1000813,36731136.0,Patricia Al-Sayed, karen smith   ,No,AUD,AUD,Verified,Outer-transaction,11222.46,Agent Network,High,2023-07-25 20:53,46,Brazil,UAE,"5314 Main St, Toronto"
TXN1000814,81062939.0,Carlos Davis,Karen Rostova,No,CAD,JPY,Pending,INTERNAL,946.09,ATM,Critical,2024-05-05 01:14,50,India,Australia,"7633 Main St, Dubai"
TXN1000815,37757450.0,Carlos Malik,Charles Martin,Y,ZAR,INR,KYC,EXTERNAL,14452.49,ATM,Medium,2024-08-13 13:18,44,Australia,UAE,"1240 Pine Rd, Toronto"
TXN1000816,99096950.0,Charles Silva,Linda Miller,0,BRL,CHF,Non-KYC,outer-transaction,11060.23,Mobile App,Critical,2022-08-01 10:14,53,UK,UK,"7565 Cedar Ln, Sydney"
TXN1000817,15831593.0,Jessica Dubois,Sanjay Al-Sayed,No,chf,GBP,Verified,Outer-transaction,11557.16,Agent Network,Medium,2021-03-30 05:51,46,Germany,Germany,"4571 Cedar Ln, Sydney"
TXN1000818,87786608.0,Zayn Moore,Sanjay Davis,No,AED,CAD,Non-KYC,EXTERNAL,5867.93,Branch Counter,Critical,2023-02-01 08:36,55,Brazil,Brazil,"648 Oak Ave, Sydney"
TXN1000819,89614817.0,Christopher Volkov,Linda Hernandez,No,CHF,aed,Non-KYC,INTERNAL,12926.18,Mobile App,Critical,2022-08-03 19:33,74,Canada,UK,"8364 Maple Dr, Paris"
TXN1000820,87053633.0,Nancy Gonzalez,Sarah Smith,No,JPY,CHF,Pending,inter-transaction,6090.37,Mobile App,Medium,2021-08-23 05:25,44,Australia,UAE,"671 Broadway, Paris"
TXN1000821,88050960.0,Karen Silva,Karen Brown,FALSE,AED,CHF,,INTERNAL,12094.99,Mobile App,High,2021-12-25 17:27,72,India,UAE,"1274 Cedar Ln, Dubai"
TXN1000822,84205887.0,Nancy Volkov, mary smith   ,N,GBP,AED,Pending,INTERNAL,8337.61,Mobile App,High,2026-03-30 22:50,50,Australia,India,"278 Cedar Ln, Paris"
TXN1000823,,Karen Lopez,Jessica Malik,No,GBP,sgd,,outer-transaction,11398.99,ATM,Low,2023-11-18 08:31,85,Germany,India,"834 Main St, Paris"
TXN1000824,35713686.0,Amir Anderson,Karen Velez,N,AED,AUD,,Inter-transaction,7966.98,Web Portal,Critical,2024-03-04 20:55,83,India,South Africa,"7701 Maple Dr, Sydney"
TXN1000825,49678304.0,Barbara Rodriguez,Michael Martin,No,USD,AUD,Verified,Outer-transaction,4520.24,Mobile App,Critical,2020-09-07 05:13,27,Germany,India,"4688 Oak Ave, New York"
TXN1000826,33925710.0,Linda Malik, linda brown   ,No,CAD,INR,Unverified,inter-transaction,7211.2,ATM,High,2024-03-24 23:12,22,Australia,USA,"3184 Oak Ave, Paris"
TXN1000827,41106335.0,Karen Davis,Richard Smith,No,EUR,GBP,Pending,Inter-transaction,59.83,Web Portal,Critical,2020-03-19 10:11,55,UK,Brazil,"831 Oak Ave, Paris"
TXN1000828,95911762.0,Michael Nair,Thomas Thomas,No,AED,JPY,Verified,INTERNAL,4877.61,Web Portal,High,2022-06-16 18:18,30,Germany,Australia,"1705 Pine Rd, London"
TXN1000829,59424791.0,Nancy Williams,Thomas Williams,No,$,JPY,Verified,inter-transaction,7079.52,Branch Counter,Medium,2022-02-19 20:26,48,India,UK,"3033 Maple Dr, Mumbai"
TXN1000830,71907135.0,Patricia Lopez,Christopher Martinez,Yes,CHF,SGD,Unverified,INTERNAL,8019.39,Web Portal,Medium,2020-08-13 18:23,64,India,UAE,"5174 View Rd, Toronto"
TXN1000831,90648127.0,Linda Wilson,Priya Johnson,No,JPY,JPY,Pending,outer-transaction,2952.53,Branch Counter,Critical,2022-12-10 12:27,69,Germany,South Africa,"7199 Pine Rd, Dubai"
TXN1000832,53947932.0,Fatima Davis,Sarah Silva,N,JPY,USD,Verified,inter-transaction,13041.65,ATM,Low,2023-04-24 13:55,73,France,South Africa,"1490 View Rd, New York"
TXN1000833,38172320.0,Amir Gonzalez,Michael Jackson,No,AED,AUD,Pending,INTERNAL,11856.55,Mobile App,Low,2022-11-23 17:43,32,Australia,Australia,"2471 Broadway, New York"
TXN1000834,55685117.0,Linda Brown,Elena Williams,No,AUD,ZAR,Pending,INTERNAL,4470.14,Agent Network,Critical,2022-03-13 03:41,46,France,Brazil,"1615 Broadway, Toronto"
TXN1000835,56778834.0,Jean-Pierre Taylor,Michael Taylor,Yes,CHF,USD,,EXTERNAL,12687.47,Mobile App,Medium,2022-01-11 16:03,25,South Africa,UK,"6426 View Rd, New York"
TXN1000836,87926745.0,Charles Martinez,Priya Rodriguez,0,EUR,AED,Unverified,INTERNAL,1581.12,Web Portal,Medium,2025-12-18 11:44,22,Australia,Canada,"5686 View Rd, Sydney"
TXN1000837,75992723.0,Amir Moore,Robert Rodriguez,1,cad,CHF,,INTERNAL,9457.82,Web Portal,Low,2021-12-04 03:09,46,Germany,India,"7786 View Rd, Toronto"
TXN1000838,60152980.0,Robert Nair,,No,JPY,JPY,,inter-transaction,2935.43,ATM,Low,2026-12-19 02:46,64,USA,Germany,"1267 Broadway, Dubai"
TXN1000839,73660887.0,Barbara Jones,Sanjay Malik,No,EUR,inr,KYC,INTERNAL,10760.51,Mobile App,High,2023-11-27 01:56,85,Germany,South Africa,"4427 Pine Rd, London"
TXN1000840,81260169.0,Sarah Miller,Joseph Dubois,No,SGD,EUR,Verified,Outer-transaction,11979.2,Mobile App,Low,2026-06-28 16:05,62,France,India,"6838 Oak Ave, New York"
TXN1000841,70446666.0,Marta Davis,Robert Nair,No,AUD,AUD,KYC,outer-transaction,4359.76,ATM,Low,2021-09-06 07:34,19,UK,India,"2320 Cedar Ln, Paris"
TXN1000842,97262584.0,  JOSEPH WILSON ,John Hernandez,0,AED,GBP,Unverified,Inter-transaction,534.08,Mobile App,Critical,2020-11-24 17:53,44,Germany,USA,"6791 Main St, Dubai"
TXN1000843,60104145.0,Patricia Johnson,William Velez,No,USD,GBP,Non-KYC,INTERNAL,13086.71,Branch Counter,High,2023-10-27 00:47,53,Germany,Brazil,"1013 Broadway, Dubai"
TXN1000844,87193004.0,  LUCAS JOHNSON ,Jessica Thomas,No,BRL,ZAR,Pending,INTERNAL,11455.34,Branch Counter,Critical,2024-01-23 06:02,53,UK,Germany,"3297 Main St, Paris"
TXN1000845,70891160.0,Michael Malik,Sarah Brown,No,INR,USD,KYC,outer-transaction,12588.76,Branch Counter,Low,2020-05-12 22:03,43,Germany,Canada,"7137 Oak Ave, Sydney"
TXN1000846,97496479.0,Fatima Lopez,,Yes,INR,aud,KYC,INTERNAL,196.72,Mobile App,High,2022-04-14 08:36,60,Brazil,UAE,"5094 Pine Rd, Dubai"
TXN1000847,32395401.0,Mary Souza,David Williams,No,GBP,INR,KYC,inter-transaction,11371.85,Mobile App,Low,2020-04-30 18:14,44,USA,USA,"5408 View Rd, Toronto"
TXN1000848,42238832.0,Amir Moore,Sanjay Williams,No,SGD,BRL,Pending,outer-transaction,432.14,Agent Network,Critical,2024-01-15 07:37,37,Canada,India,"7869 Cedar Ln, Dubai"
TXN1000849,76573189.0,Amir Martinez,Lucas Jones,No,USD,AED,,INTERNAL,783.75,Web Portal,High,2022-08-22 17:18,28,USA,India,"9499 Broadway, Dubai"
TXN1000850,97617026.0,Linda Johnson,Priya Souza,No,USD,USD,Non-KYC,Inter-transaction,8572.91,Web Portal,Critical,2020-05-08 23:46,55,Germany,France,"5022 Pine Rd, Sydney"
TXN1000851,85576096.0,John Smith,Lucas Anderson,No,SGD,EUR,Non-KYC,INTERNAL,12196.82,Agent Network,Low,2024-05-17 06:09,23,Brazil,Germany,"3283 View Rd, Toronto"
TXN1000852,47490735.0,Fatima Wilson, lucas brown   ,FALSE,EUR,CHF,Verified,inter-transaction,3680.73,Mobile App,Medium,2025-09-07 05:13,40,Australia,Germany,"9936 Main St, Mumbai"
TXN1000853,29336846.0,  RICHARD GARCIA ,William Souza,No,EUR,GBP,,outer-transaction,11969.57,ATM,Medium,2024-03-27 16:40,64,Germany,France,"290 View Rd, Sydney"
TXN1000854,73125920.0,Jessica Williams,Sanjay Anderson,No,AED,BRL,,inter-transaction,8769.35,Branch Counter,Low,2020-11-28 18:29,63,France,Germany,"478 Pine Rd, Dubai"
TXN1000855,,Linda Silva,Jessica Moore,Y,BRL,AED,Pending,EXTERNAL,6325.3,Web Portal,Critical,2023-02-27 04:54,29,Brazil,India,"6480 Broadway, Toronto"
TXN1000856,98227915.0,Karen Williams, christopher brown   ,No,SGD,AED,Pending,EXTERNAL,10894.23,Agent Network,Medium,2023-08-09 06:18,30,UK,South Africa,"1854 View Rd, Paris"
TXN1000857,68659357.0,,Mary Taylor,No,INR,CHF,,Outer-transaction,998.11,Web Portal,Medium,2023-04-11 19:57,79,Brazil,UK,"4367 Broadway, New York"
TXN1000858,18181846.0,, karen taylor   ,No,AED,BRL,Pending,INTERNAL,8580.34,Agent Network,Low,2023-11-30 06:23,77,UK,India,"5038 Oak Ave, Mumbai"
TXN1000859,94258614.0,Michael Khan,Elizabeth Jones,No,INR,SGD,,EXTERNAL,9270.46,ATM,Low,2020-12-21 01:56,60,South Africa,USA,"8981 Broadway, Sydney"
TXN1000860,44629948.0,Joseph Davis,Mary Johnson,No,CHF,CHF,Non-KYC,outer-transaction,1246.4,Mobile App,Low,2020-05-18 22:47,85,Canada,Brazil,"2312 Main St, Toronto"
TXN1000861,51479441.0,Michael Smith,William Nair,No,zar,USD,Unverified,inter-transaction,5632.18,Agent Network,High,2024-03-06 12:39,22,UAE,France,"482 Main St, Toronto"
TXN1000862,,David Volkov,Sanjay Al-Sayed,No,GBP,BRL,Non-KYC,INTERNAL,6706.61,Branch Counter,Low,2023-04-12 05:37,54,Brazil,Canada,"1512 Pine Rd, Sydney"
TXN1000863,72756047.0,Elizabeth Silva, priya lopez   ,No,INR,AUD,Verified,Inter-transaction,2400.46,Mobile App,Medium,2020-01-29 08:35,48,India,UAE,"5906 View Rd, Toronto"
TXN1000864,85760648.0,John Martinez,Marta Malik,Y,eur,USD,KYC,Inter-transaction,1925.52,Web Portal,Medium,2022-07-19 10:04,26,France,Canada,"8407 View Rd, Paris"
TXN1000865,94174205.0,Jessica Williams,Susan Williams,No,ZAR,aed,Verified,Outer-transaction,14336.25,Branch Counter,High,2026-12-18 16:51,68,Germany,India,"1491 Cedar Ln, Mumbai"
TXN1000866,95095796.0,Barbara Gonzalez,Amir Smith,No,EUR,CAD,,inter-transaction,7382.35,Web Portal,High,2022-10-10 06:26,46,France,USA,"3039 Maple Dr, Paris"
TXN1000867,23630720.0,Fatima Velez,Michael Khan,No,GBP,AUD,Verified,EXTERNAL,11749.74,Web Portal,Medium,2022-04-07 14:56,57,USA,India,"6069 Oak Ave, Dubai"
TXN1000868,46180065.0,  LUCAS MARTIN ,Barbara Thomas,No,EUR,ZAR,KYC,INTERNAL,4556.59,Agent Network,Critical,2020-12-16 14:45,58,UAE,Brazil,"4913 Oak Ave, Paris"
TXN1000869,60788484.0,Karen Jones,Patricia Jones,No,ZAR,AUD,Non-KYC,Inter-transaction,14548.75,Branch Counter,High,2025-07-17 12:10,28,USA,South Africa,"3250 View Rd, Toronto"
TXN1000870,43430634.0,John Malik,Marta Wilson,No,INR,CAD,,Inter-transaction,7928.24,Branch Counter,Critical,2020-10-25 12:25,40,South Africa,UAE,"6514 Oak Ave, Sydney"
TXN1000871,22228312.0,Linda Khan,Carlos Lopez,No,ZAR,BRL,Unverified,Inter-transaction,4671.22,Agent Network,Critical,2024-10-09 21:27,18,UAE,Brazil,"8043 Broadway, Toronto"
TXN1000872,31898382.0,Mary Rostova,William Brown,No,JPY,chf,KYC,Outer-transaction,4474.23,ATM,Low,2025-02-08 23:28,63,UAE,France,"4897 Broadway, Mumbai"
TXN1000873,24087799.0,  CARLOS NAIR ,Jean-Pierre Gonzalez,Y,GBP,CAD,KYC,INTERNAL,9723.73,ATM,High,2023-04-30 08:41,38,USA,France,"5580 Oak Ave, Mumbai"
TXN1000874,13037859.0,Sarah Souza, linda moore   ,No,SGD,JPY,Non-KYC,outer-transaction,1688.15,ATM,Low,2024-08-22 03:48,53,UK,India,"9571 View Rd, Sydney"
TXN1000875,,Carlos Dubois,Christopher Nair,TRUE,AED,SGD,Unverified,outer-transaction,8399.28,Mobile App,Low,2025-10-12 13:55,71,USA,USA,"7024 Main St, London"
TXN1000876,14224882.0,John Garcia,Sanjay Rodriguez,No,AED,INR,KYC,outer-transaction,8780.35,ATM,Critical,2022-01-24 17:42,74,France,Brazil,"4274 Maple Dr, Dubai"
TXN1000877,,Elena Brown,Elizabeth Jackson,N,CAD,BRL,Unverified,inter-transaction,12353.54,ATM,Low,2022-02-08 15:32,18,UK,Australia,"9180 Cedar Ln, London"
TXN1000878,44631884.0,Carlos Silva,Linda Martinez,N,BRL,BRL,,INTERNAL,998.72,Mobile App,Low,2023-05-23 06:59,80,France,USA,"9397 View Rd, Paris"
TXN1000879,23547132.0,Susan Souza,Robert Gonzalez,No,CAD,BRL,,INTERNAL,12938.9,Web Portal,High,2022-04-13 09:08,71,South Africa,South Africa,"5696 Broadway, Paris"
TXN1000880,30866574.0,Sarah Taylor,Amir Silva,No,AUD,EUR,KYC,Outer-transaction,8194.67,Mobile App,Critical,2026-01-22 02:53,72,Germany,France,"3875 Cedar Ln, New York"
TXN1000881,44842564.0,Michael Gonzalez,Zayn Nair,No,ZAR,CHF,,EXTERNAL,12640.21,Branch Counter,High,2025-03-21 22:13,57,Australia,India,"4745 View Rd, Toronto"
TXN1000882,72256258.0,Patricia Lopez, joseph silva   ,No,ZAR,SGD,KYC,outer-transaction,4777.57,Web Portal,Low,2024-04-13 14:01,32,UK,Germany,"4535 Cedar Ln, Mumbai"
TXN1000883,16685457.0,Linda Jackson,Linda Hernandez,No,AUD,ZAR,Verified,Inter-transaction,6735.94,ATM,High,2023-05-03 23:13,38,South Africa,France,"1145 Pine Rd, Mumbai"
TXN1000884,,Richard Miller,Fatima Moore,1,AUD,SGD,,INTERNAL,12540.07,Agent Network,Low,2021-05-20 15:06,64,India,UAE,"8051 Oak Ave, London"
TXN1000885,33671297.0,Mary Rostova,Richard Dubois,No,inr,AED,Non-KYC,outer-transaction,3008.22,ATM,Low,2023-09-19 03:49,70,South Africa,UK,"3299 Main St, Toronto"
TXN1000886,65229774.0,Thomas Johnson,Fatima Thomas,No,SGD,SGD,KYC,Outer-transaction,12469.29,Agent Network,High,2023-12-31 23:26,26,USA,Germany,"7540 Oak Ave, Paris"
TXN1000887,33630872.0,Linda Nair,Michael Thomas,No,EUR,SGD,KYC,outer-transaction,2474.08,Branch Counter,Medium,2023-11-17 04:37,69,USA,India,"4325 Maple Dr, Mumbai"
TXN1000888,67019882.0,Christopher Smith,William Jackson,Y,gbp,GBP,Pending,Inter-transaction,1443.87,Branch Counter,Medium,2023-03-18 06:14,74,Australia,Australia,"6154 Oak Ave, Dubai"
TXN1000889,12593999.0,  PRIYA MILLER , lucas williams   ,No,INR,SGD,Pending,Outer-transaction,3138.09,ATM,Critical,2022-01-30 00:55,43,South Africa,Germany,"6568 Cedar Ln, Sydney"
TXN1000890,69539153.0,Jessica Davis,Priya Moore,No,inr,CHF,Verified,INTERNAL,10930.63,Agent Network,High,2022-04-12 03:28,58,Canada,UAE,"1651 Pine Rd, New York"
TXN1000891,82600803.0,Zayn Williams,Linda Volkov,No,AUD,INR,Non-KYC,outer-transaction,10780.71,ATM,Critical,2023-11-29 00:42,52,Germany,USA,"6952 Oak Ave, New York"
TXN1000892,94101071.0,Christopher Lopez,John Anderson,Yes,JPY,JPY,Unverified,Inter-transaction,2553.0,Agent Network,Low,2020-10-09 17:45,80,USA,Australia,"6053 Main St, Toronto"
TXN1000893,50170436.0,Carlos Khan,Elizabeth Martin,No,AED,JPY,Non-KYC,Outer-transaction,3102.29,Mobile App,Medium,2021-01-13 21:10,42,Australia,France,"2759 View Rd, Dubai"
TXN1000894,25236678.0,Nancy Volkov,Fatima Davis,TRUE,AED,,Pending,INTERNAL,4279.71,Web Portal,Medium,2020-07-16 09:58,55,Germany,Australia,"7545 Oak Ave, Paris"
TXN1000895,82129095.0,John Lopez,Christopher Al-Sayed,Yes,ZAR,INR,Pending,Inter-transaction,6670.52,Branch Counter,Critical,2021-07-09 16:35,19,South Africa,Brazil,"9737 Pine Rd, Dubai"
TXN1000896,74575117.0,Thomas Martinez,Christopher Lopez,No,EUR,USD,Unverified,inter-transaction,9335.79,Mobile App,Medium,2020-12-21 23:46,24,South Africa,UAE,"9924 Oak Ave, Paris"
TXN1000897,46784982.0,Sarah Hernandez,Michael Velez,Y,ZAR,AUD,Unverified,Inter-transaction,6734.05,Web Portal,Low,2024-04-12 15:20,51,UAE,Germany,"7204 Broadway, New York"
TXN1000898,35642547.0,Linda Rostova,Patricia Williams,No,INR,CAD,Pending,EXTERNAL,1584.96,Web Portal,Low,2022-11-06 12:08,34,Australia,Brazil,"612 Maple Dr, Sydney"
TXN1000899,43732173.0,Zayn Jones,Michael Williams,No,INR,BRL,KYC,INTERNAL,2713.19,Mobile App,High,2021-01-13 10:10,60,USA,Australia,"3253 Pine Rd, Toronto"
TXN1000900,32837888.0,Christopher Jackson,Karen Wilson,No,CAD,CHF,Unverified,inter-transaction,869.38,Agent Network,High,2021-11-10 05:00,76,Canada,Brazil,"1667 Main St, Sydney"
TXN1000901,74132712.0,Michael Gonzalez,Lucas Garcia,No,JPY,AED,Non-KYC,EXTERNAL,13124.69,Branch Counter,Low,2026-12-28 21:05,68,South Africa,Canada,"1228 Broadway, Sydney"
TXN1000902,99078726.0,Priya Nair,Joseph Garcia,N,AED,SGD,KYC,Inter-transaction,12767.71,Web Portal,Medium,2024-11-14 12:21,71,Canada,UAE,"7967 View Rd, Dubai"
TXN1000903,,Linda Khan, elena anderson   ,No,aud,AUD,Pending,inter-transaction,6460.33,Web Portal,Low,2022-06-17 23:30,41,South Africa,South Africa,"5683 Oak Ave, Paris"
TXN1000904,,Susan Dubois,William Moore,No,GBP,GBP,KYC,EXTERNAL,711.19,Mobile App,Medium,2020-03-16 21:36,42,USA,USA,"6101 Oak Ave, New York"
TXN1000905,17367600.0,Sarah Wilson,Zayn Jones,No,INR,brl,Non-KYC,Outer-transaction,4077.94,Mobile App,Critical,2020-08-18 14:26,69,Germany,Australia,"2841 Cedar Ln, New York"
TXN1000906,11668434.0,Sanjay Souza,Lucas Martin,No,BRL,EUR,Verified,inter-transaction,1753.4,Web Portal,Critical,2024-10-05 17:51,50,Brazil,UAE,"328 Pine Rd, Paris"
TXN1000907,66638517.0,Zayn Rostova, william silva   ,No,AED,GBP,Verified,inter-transaction,1510.3,Agent Network,Critical,2022-08-19 13:46,66,Germany,South Africa,"4384 Oak Ave, New York"
TXN1000908,32642542.0,Barbara Moore,Elizabeth Anderson,No,AED,EUR,Non-KYC,INTERNAL,12360.48,Agent Network,High,2026-06-07 04:57,46,South Africa,South Africa,"6901 Broadway, Dubai"
TXN1000909,28363062.0,  JESSICA MOORE , christopher johnson   ,No,SGD,GBP,KYC,INTERNAL,5090.16,Agent Network,High,2026-03-12 03:31,80,France,India,"598 View Rd, London"
TXN1000910,12147945.0,Amir Silva,Mary Jackson,N,sgd,jpy,Unverified,EXTERNAL,1417.01,Web Portal,Critical,2025-10-17 01:06,39,Brazil,Brazil,"5061 Oak Ave, Sydney"
TXN1000911,97486496.0,Zayn Lopez,Carlos Wilson,No,,SGD,KYC,inter-transaction,9890.23,Mobile App,High,2021-01-27 09:47,43,Brazil,South Africa,"2218 Oak Ave, London"
TXN1000912,54898716.0,Mary Rostova,Thomas Nair,N,jpy,AUD,Verified,Inter-transaction,3426.13,Web Portal,Critical,2023-01-13 09:49,45,Canada,Canada,"8042 View Rd, Dubai"
TXN1000913,64297985.0,Sarah Rostova,Lucas Volkov,0,JPY,GBP,,inter-transaction,11643.76,Agent Network,Low,2020-09-23 16:29,66,Australia,UAE,"292 Maple Dr, Dubai"
TXN1000914,61970557.0,Sarah Dubois,William Jackson,No,AED,ZAR,Unverified,outer-transaction,370.82,Branch Counter,High,2022-12-28 20:59,66,Canada,UK,"8343 Oak Ave, Toronto"
TXN1000915,85300766.0,Jessica Dubois, elena dubois   ,No,AUD,ZAR,KYC,outer-transaction,11447.46,Agent Network,Low,2021-09-02 12:00,37,Canada,UK,"1920 Cedar Ln, London"
TXN1000916,82008855.0,Priya Garcia,Sarah Brown,No,AUD,BRL,Unverified,EXTERNAL,13717.16,Mobile App,Critical,2023-10-02 00:46,80,France,Australia,"2668 Pine Rd, Paris"
TXN1000917,99237139.0,Elizabeth Volkov,Robert Velez,N,CAD,AED,Pending,INTERNAL,14676.14,ATM,Low,2022-10-05 00:37,78,Germany,France,"1967 Oak Ave, Toronto"
TXN1000918,81202765.0,,Elizabeth Moore,0,BRL,aed,,EXTERNAL,1139.42,Agent Network,Low,2022-08-19 12:58,66,Germany,Brazil,"3299 Maple Dr, Toronto"
TXN1000919,25287101.0,Richard Volkov,Sanjay Taylor,No,USD,EUR,Non-KYC,EXTERNAL,7669.92,Branch Counter,Low,2021-11-03 00:36,18,India,France,"340 Main St, Paris"
TXN1000920,69896880.0,  CARLOS JOHNSON ,William Smith,No,JPY,USD,Non-KYC,INTERNAL,2492.41,ATM,Medium,2026-10-06 08:29,30,South Africa,South Africa,"8374 View Rd, Paris"
TXN1000921,98552975.0,,Christopher Garcia,No,,ZAR,KYC,EXTERNAL,9001.61,ATM,Low,2024-08-27 16:47,68,France,UAE,"3868 Broadway, Sydney"
TXN1000922,71242137.0,Mary Nair,Jean-Pierre Silva,No,AUD,INR,Unverified,EXTERNAL,9767.9,Branch Counter,High,2025-12-02 07:48,73,India,Australia,"8902 View Rd, Dubai"
TXN1000923,98265529.0,Carlos Lopez, william wilson   ,No,CHF,EUR,Pending,inter-transaction,8552.44,ATM,Low,2026-03-17 14:55,79,USA,Germany,"3705 Pine Rd, Sydney"
TXN1000924,51384518.0,Mary Lopez,Susan Davis,No,AUD,AED,Verified,EXTERNAL,253.86,Web Portal,Critical,2020-01-31 00:11,49,South Africa,South Africa,"2273 Cedar Ln, Toronto"
TXN1000925,47103850.0,Elena Gonzalez,Jessica Jones,FALSE,GBP,INR,Pending,outer-transaction,4262.72,Mobile App,Medium,2023-09-28 04:23,47,South Africa,Brazil,"6668 Oak Ave, London"
TXN1000926,16777688.0,David Garcia,Nancy Taylor,No,GBP,AUD,Pending,INTERNAL,6128.64,Web Portal,High,2023-11-01 05:24,46,UAE,UK,"6180 Broadway, Dubai"
TXN1000927,83573004.0,Elizabeth Miller,Richard Dubois,No,SGD,AUD,Unverified,Inter-transaction,4523.61,Web Portal,High,2023-02-27 00:24,66,UAE,India,"2259 Oak Ave, Paris"
TXN1000928,80850880.0,Fatima Miller,Jean-Pierre Martin,No,gbp,aud,,EXTERNAL,7001.49,ATM,Medium,2021-09-08 00:31,62,UK,UAE,"8413 Main St, Dubai"
TXN1000929,50334977.0,Patricia Smith,William Taylor,N,SGD,CAD,,outer-transaction,9669.97,ATM,High,2021-06-22 09:41,47,UK,USA,"4593 Broadway, New York"
TXN1000930,30311392.0,Mary Taylor,Linda Davis,No,INR,USD,,inter-transaction,8384.9,Agent Network,Critical,2022-05-20 02:48,33,Canada,France,"1330 View Rd, Dubai"
TXN1000931,81665302.0,Michael Volkov,John Williams,No,CAD,INR,Unverified,INTERNAL,5004.75,ATM,Medium,2020-04-10 18:59,57,USA,Australia,"2010 Pine Rd, New York"
TXN1000932,19736503.0,Marta Miller,Sarah Velez,No,aud,EUR,Verified,Inter-transaction,3394.08,Mobile App,Medium,2023-11-13 10:28,36,Brazil,France,"8207 Oak Ave, Toronto"
TXN1000933,74998860.0,William Miller,Thomas Johnson,No,BRL,GBP,Pending,Inter-transaction,11698.16,ATM,Critical,2022-07-29 17:01,35,Brazil,UAE,"2016 Main St, Sydney"
TXN1000934,10689646.0,Elena Khan,Sarah Wilson,No,CHF,EUR,Verified,Inter-transaction,7254.99,Web Portal,Medium,2020-12-06 08:55,18,UAE,France,"7096 Cedar Ln, Dubai"
TXN1000935,78301185.0,John Lopez,Susan Moore,Yes,BRL,BRL,,outer-transaction,10039.46,Web Portal,Low,2022-11-09 16:59,64,UAE,UAE,"6564 Pine Rd, New York"
TXN1000936,11691339.0,Elena Martinez,Richard Volkov,No,JPY,AED,Non-KYC,Outer-transaction,1230.71,Agent Network,Low,2020-02-07 13:35,83,UAE,France,"6462 Cedar Ln, Mumbai"
TXN1000937,83012855.0,Karen Gonzalez,Marta Rodriguez,No,brl,BRL,Pending,EXTERNAL,5075.81,ATM,High,2021-10-21 16:48,55,France,Canada,"9843 Maple Dr, Toronto"
TXN1000938,35484385.0,Nancy Anderson,Barbara Rodriguez,Y,JPY,JPY,Pending,INTERNAL,7249.69,Mobile App,Medium,2025-07-26 11:59,68,Australia,Germany,"160 View Rd, London"
TXN1000939,47869196.0,Zayn Davis,Robert Williams,No,GBP,AUD,Verified,Outer-transaction,12007.13,Web Portal,Medium,2024-04-09 19:49,80,UK,South Africa,"2995 Maple Dr, New York"
TXN1000940,12427926.0,Richard Davis,Nancy Volkov,No,USD,SGD,KYC,INTERNAL,10186.65,Web Portal,Medium,2024-07-14 02:42,21,France,South Africa,"685 Pine Rd, New York"
TXN1000941,46547395.0,,Lucas Thomas,N,AUD,,KYC,inter-transaction,3489.02,Mobile App,Medium,2022-11-15 17:03,18,Germany,Brazil,"634 Broadway, Sydney"
TXN1000942,62111591.0,Charles Gonzalez,Mary Hernandez,0,USD,AUD,Non-KYC,EXTERNAL,7968.22,Mobile App,Critical,2021-03-29 16:49,25,Brazil,USA,"3498 Maple Dr, Paris"
TXN1000943,17878883.0,Lucas Al-Sayed,Elizabeth Nair,No,cad,GBP,Verified,INTERNAL,7017.69,Agent Network,High,2024-08-31 04:45,46,South Africa,USA,"7429 View Rd, Mumbai"
TXN1000944,27857392.0,Zayn Anderson,,N,SGD,AED,KYC,inter-transaction,4294.59,Agent Network,High,2023-09-08 09:14,72,UK,Brazil,"5425 View Rd, Paris"
TXN1000945,56689082.0,Sanjay Lopez,Charles Miller,No,AED,CAD,Non-KYC,Inter-transaction,7404.92,ATM,Low,2022-03-29 00:15,20,India,India,"4803 Pine Rd, London"
TXN1000946,,Jessica Smith,Thomas Smith,No,ZAR,GBP,KYC,inter-transaction,7564.48,Mobile App,Low,2022-02-11 10:54,49,Germany,South Africa,"9325 Oak Ave, Mumbai"
TXN1000947,22601623.0,Richard Wilson,Mary Lopez,No,CHF,USD,Verified,outer-transaction,8511.84,Mobile App,Critical,2020-01-13 19:37,27,UK,India,"1204 Cedar Ln, Sydney"
TXN1000948,17303355.0,Richard Al-Sayed,Thomas Brown,No,BRL,EUR,,inter-transaction,12715.71,ATM,Medium,2022-07-09 23:53,51,France,UAE,"1961 View Rd, New York"
TXN1000949,85103699.0,Thomas Gonzalez,Karen Smith,No,SGD,USD,,Inter-transaction,8135.49,Web Portal,Low,2022-04-04 15:29,72,USA,UAE,"8420 View Rd, Paris"
TXN1000950,91027831.0,Elena Thomas,William Silva,No,INR,CHF,Non-KYC,inter-transaction,3608.7,Web Portal,Critical,2026-08-15 01:00,49,South Africa,UK,"3229 View Rd, Toronto"
TXN1000951,31401507.0,Elizabeth Al-Sayed,Karen Malik,No,GBP,usd,KYC,Inter-transaction,6354.96,Web Portal,Medium,2023-08-07 23:23,67,UK,France,"8181 View Rd, Mumbai"
TXN1000952,91618861.0,, marta thomas   ,No,CAD,EUR,Unverified,inter-transaction,6551.9,Agent Network,Low,2026-07-07 08:21,24,Australia,USA,"5498 Broadway, London"
TXN1000953,30766900.0,Linda Dubois,Jean-Pierre Wilson,FALSE,BRL,GBP,Unverified,EXTERNAL,7598.42,Mobile App,Critical,2026-04-27 11:16,25,UAE,UK,"6704 Broadway, Paris"
TXN1000954,14637652.0,Richard Martin,Richard Garcia,No,AED,GBP,Verified,EXTERNAL,814.15,ATM,High,2025-07-10 14:29,82,UAE,Germany,"1167 Pine Rd, London"
TXN1000955,59828367.0,Christopher Souza,John Khan,0,GBP,USD,Verified,EXTERNAL,12705.77,ATM,High,2023-05-13 18:26,74,South Africa,Brazil,"7364 Broadway, Sydney"
TXN1000956,39204346.0,Christopher Rostova,Jean-Pierre Jackson,No,BRL,CHF,Pending,EXTERNAL,7596.23,Mobile App,High,2021-11-27 21:09,84,France,Brazil,"8858 Pine Rd, New York"
TXN1000957,49808824.0,William Jones,,No,CHF,AED,Pending,EXTERNAL,1128.7,Mobile App,High,2022-08-07 11:45,76,UAE,UAE,"3240 Cedar Ln, London"
TXN1000958,31924339.0,Michael Souza,William Khan,No,JPY,BRL,Non-KYC,inter-transaction,5971.4,ATM,Critical,2026-08-31 08:58,71,UK,South Africa,"1690 Oak Ave, New York"
TXN1000959,74837748.0,Mary Hernandez,Marta Moore,TRUE,AED,EUR,,inter-transaction,8637.26,Branch Counter,Critical,2026-11-20 12:34,84,India,India,"5043 Broadway, Dubai"
TXN1000960,53562684.0,  CHARLES WILSON ,Marta Anderson,No,CHF,AUD,,Outer-transaction,3027.95,Mobile App,Low,2023-12-09 20:45,68,Brazil,USA,"7898 View Rd, Mumbai"
TXN1000961,,Fatima Anderson,Marta Taylor,No,AED,CAD,Verified,outer-transaction,5287.46,Web Portal,High,2020-03-09 20:09,25,Brazil,UK,"3325 Pine Rd, Paris"
TXN1000962,81263504.0,Zayn Jones,Barbara Velez,No,EUR,AUD,Verified,inter-transaction,1039.98,Agent Network,Critical,2024-11-16 15:06,51,Germany,India,"2560 Oak Ave, New York"
TXN1000963,78794462.0,Jean-Pierre Davis,Amir Hernandez,N,$,BRL,Verified,inter-transaction,2316.7,Web Portal,Critical,2026-02-25 03:26,52,Canada,UK,"2828 Broadway, Paris"
TXN1000964,91700119.0,  JEAN-PIERRE MALIK ,David Al-Sayed,No,AED,ZAR,Pending,outer-transaction,13021.42,Agent Network,Critical,2026-03-13 19:54,49,USA,France,"7581 Broadway, London"
TXN1000965,50107493.0,  RICHARD SOUZA ,Mary Anderson,No,AUD,BRL,,EXTERNAL,14300.58,Agent Network,High,2025-05-23 10:47,63,South Africa,Germany,"3214 Broadway, New York"
TXN1000966,92811164.0,David Rodriguez,Michael Nair,Y,USD,INR,Pending,inter-transaction,9161.76,Mobile App,Critical,2020-07-30 19:35,33,Germany,Germany,"3744 View Rd, Sydney"
TXN1000967,71777181.0,Susan Martin,Susan Brown,No,EUR,JPY,Non-KYC,Inter-transaction,7517.9,Web Portal,High,2021-05-22 21:53,85,Canada,India,"2665 Broadway, London"
TXN1000968,67628113.0,John Al-Sayed,Sanjay Lopez,Yes,AUD,BRL,Pending,Outer-transaction,1488.87,ATM,Medium,2025-08-25 22:16,54,France,India,"2730 Oak Ave, London"
TXN1000969,81085877.0,Priya Volkov,Lucas Dubois,No,JPY,JPY,Pending,inter-transaction,6220.65,Agent Network,Low,2024-03-01 12:10,71,Australia,India,"8961 Maple Dr, Mumbai"
TXN1000970,87748507.0,John Jones,Carlos Garcia,No,zar,CHF,Verified,EXTERNAL,8136.87,ATM,Low,2020-11-27 02:40,31,Australia,UK,"6369 Maple Dr, New York"
TXN1000971,37182451.0,Christopher Taylor,Robert Khan,Y,JPY,JPY,Verified,INTERNAL,981.38,ATM,Low,2021-07-04 05:21,72,USA,France,"4178 Oak Ave, Toronto"
TXN1000972,45376376.0,Karen Taylor,Thomas Wilson,No,USD,GBP,,Inter-transaction,2714.3,Agent Network,Low,2024-06-12 20:42,65,UAE,Canada,"4251 Main St, Paris"
TXN1000973,96379228.0,  JOSEPH MALIK ,Sanjay Silva,N,JPY,GBP,,INTERNAL,559.35,Mobile App,Low,2022-07-30 15:50,24,UK,India,"766 Maple Dr, New York"
TXN1000974,40051846.0,David Volkov,Elena Taylor,No,AUD,ZAR,Unverified,outer-transaction,4925.28,Agent Network,Critical,2026-04-22 04:45,24,Germany,South Africa,"3665 Pine Rd, London"
TXN1000975,98342130.0,Carlos Volkov, william brown   ,No,cad,ZAR,Non-KYC,EXTERNAL,1413.28,ATM,Medium,2021-12-28 16:34,50,Germany,USA,"1565 Oak Ave, Paris"
TXN1000976,51790477.0,Robert Martinez,Carlos Thomas,1,ZAR,BRL,KYC,Outer-transaction,6014.94,ATM,Low,2022-05-29 03:15,40,South Africa,USA,"6357 Broadway, Mumbai"
TXN1000977,70442839.0,Nancy Anderson,Karen Johnson,Y,GBP,INR,Verified,inter-transaction,6186.09,ATM,High,2021-10-10 15:20,36,South Africa,UK,"3772 Broadway, Sydney"
TXN1000978,28080813.0,Nancy Hernandez,Sarah Miller,N,JPY,ZAR,Non-KYC,INTERNAL,13651.08,Web Portal,Critical,2022-09-26 03:18,36,Australia,India,"1092 Pine Rd, London"
TXN1000979,54483342.0,,Priya Rostova,No,ZAR,GBP,,inter-transaction,1043.9,Branch Counter,High,2024-03-01 16:44,53,Australia,UAE,"2323 Pine Rd, Mumbai"
TXN1000980,,,Joseph Garcia,Yes,CAD,BRL,Verified,EXTERNAL,13979.05,Agent Network,Low,2026-11-23 21:54,46,India,Brazil,"3337 Main St, Mumbai"
TXN1000981,,Karen Williams,Sanjay Khan,1,EUR,INR,KYC,EXTERNAL,8866.07,Agent Network,Medium,2024-05-31 23:27,77,India,Canada,"443 View Rd, New York"
TXN1000982,99179347.0,Sanjay Davis,William Dubois,0,GBP,AUD,,INTERNAL,5773.22,Web Portal,Low,2026-12-29 00:43,19,UAE,South Africa,"4923 Cedar Ln, New York"
TXN1000983,10200744.0,Michael Hernandez,Fatima Gonzalez,0,AED,GBP,,EXTERNAL,14682.94,Branch Counter,Low,2022-10-06 03:42,18,India,France,"3301 Main St, Sydney"
TXN1000984,22587924.0,Sarah Malik,Thomas Martin,No,GBP,ZAR,Non-KYC,Outer-transaction,11655.19,Branch Counter,Low,2024-03-30 04:01,64,UK,UAE,"9633 Main St, Sydney"
TXN1000985,24769811.0,Karen Gonzalez,Elizabeth Thomas,N,aud,INR,Pending,EXTERNAL,5029.48,Agent Network,Medium,2022-03-14 16:39,37,UK,Germany,"4312 Oak Ave, Dubai"
TXN1000986,83494016.0,Richard Smith,Linda Al-Sayed,N,CAD,EUR,Verified,EXTERNAL,3844.71,Agent Network,Critical,2020-08-01 05:20,28,Germany,UAE,"3101 Pine Rd, Mumbai"
TXN1000987,18872420.0,David Souza,Susan Rodriguez,No,,BRL,,Inter-transaction,3918.11,Agent Network,Critical,2020-06-17 08:12,19,Brazil,UK,"2808 Oak Ave, Paris"
TXN1000988,42730364.0,  THOMAS THOMAS ,Sanjay Wilson,No,jpy,INR,,INTERNAL,7211.54,Web Portal,Low,2022-09-04 10:15,84,UK,Canada,"1024 Oak Ave, Mumbai"
TXN1000989,94732636.0,,John Thomas,N,EUR,JPY,Verified,Outer-transaction,4966.72,ATM,Low,2023-08-21 15:58,29,Canada,Australia,"1012 Oak Ave, London"
TXN1000990,19677366.0,Susan Rodriguez,Linda Rostova,Yes,usd,aud,Verified,EXTERNAL,10373.82,Branch Counter,Low,2020-05-25 01:41,37,Australia,Australia,"595 Maple Dr, Mumbai"
TXN1000991,23837417.0,Richard Williams,David Hernandez,Yes,chf,GBP,,INTERNAL,2118.34,Web Portal,Medium,2024-12-03 11:07,22,South Africa,India,"656 Oak Ave, New York"
TXN1000992,60704870.0,Michael Nair,John Brown,1,BRL,CHF,Non-KYC,Outer-transaction,8642.38,Web Portal,Medium,2021-05-30 10:41,54,India,India,"2220 View Rd, New York"
TXN1000993,55034753.0,Amir Malik,Jessica Velez,No,GBP,INR,Unverified,Inter-transaction,2607.21,Agent Network,Critical,2021-03-28 12:56,55,Germany,UK,"256 Broadway, Sydney"
TXN1000994,95450709.0,Marta Thomas,Sanjay Volkov,Y,INR,AED,Non-KYC,inter-transaction,6077.44,Mobile App,High,2020-02-29 16:38,26,USA,France,"7605 Pine Rd, Sydney"
TXN1000995,31166948.0,Susan Silva,Elizabeth Malik,No,USD,CHF,Non-KYC,Outer-transaction,6070.75,Agent Network,High,2021-06-11 23:02,70,South Africa,India,"7643 Broadway, Toronto"
TXN1000996,41316383.0,Richard Miller,Karen Jackson,No,BRL,AUD,Non-KYC,Outer-transaction,4351.65,ATM,Critical,2022-10-20 19:12,61,Canada,Brazil,"7346 Pine Rd, Paris"
TXN1000997,36375893.0,Fatima Nair,Karen Souza,No,AED,INR,,INTERNAL,401.75,Mobile App,Critical,2026-11-26 18:06,41,India,Canada,"1096 Broadway, Toronto"
TXN1000998,20356771.0,Jessica Brown,Susan Malik,No,JPY,EUR,,Outer-transaction,356.59,Web Portal,Critical,2024-04-13 08:18,47,Canada,UK,"3005 Maple Dr, London"
TXN1000999,66856278.0,Amir Thomas,Karen Volkov,Yes,JPY,GBP,Verified,outer-transaction,11758.48,Agent Network,High,2023-01-07 12:53,76,Australia,USA,"9469 Oak Ave, Dubai"
TXN1001000,49800622.0,Susan Dubois,Joseph Miller,0,INR,CHF,Verified,Inter-transaction,3236.32,Agent Network,High,2021-03-08 07:21,31,Australia,Germany,"6581 Cedar Ln, Toronto"
TXN1001001,71762245.0,Robert Martin,Jessica Anderson,TRUE,USD,AUD,KYC,outer-transaction,1620.47,Branch Counter,Low,2023-03-22 17:22,26,UAE,UK,"886 Main St, Sydney"
TXN1001002,40389767.0,Elizabeth Rodriguez,David Miller,No,ZAR,AUD,KYC,inter-transaction,693.4,Agent Network,High,2021-02-04 01:49,57,Germany,UK,"8196 Maple Dr, New York"
TXN1001003,83068652.0,  ROBERT BROWN ,Joseph Smith,TRUE,CHF,ZAR,,Outer-transaction,13405.54,Mobile App,Medium,2025-10-05 17:10,83,South Africa,Australia,"3867 Broadway, Toronto"
TXN1001004,15309049.0,Elizabeth Martinez,Michael Brown,1,INR,AED,KYC,Outer-transaction,4795.58,Mobile App,Critical,2026-02-11 00:13,42,France,South Africa,"6094 Main St, Paris"
TXN1001005,82953400.0,Joseph Johnson,Robert Hernandez,N,EUR,BRL,KYC,INTERNAL,10230.86,Mobile App,Medium,2026-09-11 15:10,39,France,France,"8957 Pine Rd, Sydney"
TXN1001006,26002927.0,Michael Khan,Karen Anderson,Y,AED,CAD,Unverified,outer-transaction,12738.51,Branch Counter,Critical,2021-08-27 00:06,21,South Africa,South Africa,"7111 Cedar Ln, Dubai"
TXN1001007,77017197.0,Barbara Martin,Patricia Velez,TRUE,EUR,CHF,KYC,Inter-transaction,10652.7,Mobile App,High,2026-01-14 15:45,43,USA,Brazil,"9361 View Rd, Sydney"
TXN1001008,56223778.0,Richard Garcia,Richard Garcia,N,SGD,BRL,KYC,EXTERNAL,7003.5,Agent Network,High,2024-12-15 14:13,75,Germany,USA,"7155 Cedar Ln, Dubai"
TXN1001009,24222635.0,Christopher Nair,Elena Al-Sayed,No,SGD,,,Outer-transaction,6729.34,Mobile App,Critical,2024-01-03 20:42,46,Canada,Australia,"9444 Main St, New York"
TXN1001010,13027327.0,Marta Johnson,Robert Martinez,Y,ZAR,AED,Unverified,Outer-transaction,3917.55,Agent Network,Critical,2026-11-18 15:18,54,USA,USA,"7533 View Rd, London"
TXN1001011,23460777.0,Sarah Jones,Karen Jones,No,AUD,GBP,Non-KYC,Outer-transaction,2150.95,Web Portal,Medium,2026-10-29 16:58,35,Brazil,Brazil,"7467 Cedar Ln, Paris"
TXN1001012,91335364.0,Christopher Martin,Barbara Johnson,No,EUR,USD,KYC,EXTERNAL,1740.76,Web Portal,High,2024-11-08 05:42,59,South Africa,South Africa,"6131 Maple Dr, Paris"
TXN1001013,27616344.0,Priya Khan,John Silva,0,AED,EUR,Pending,outer-transaction,7867.62,Mobile App,Medium,2024-04-02 16:08,58,Canada,UK,"9649 Pine Rd, London"
TXN1001014,20361782.0,Nancy Hernandez,Zayn Dubois,No,JPY,EUR,,EXTERNAL,1942.1,Mobile App,Medium,2023-01-01 17:16,55,France,India,"4285 View Rd, Paris"
TXN1001015,85060646.0,Sanjay Rostova,John Velez,FALSE,SGD,JPY,,EXTERNAL,6675.05,Web Portal,Critical,2022-07-17 11:22,51,UK,India,"7428 Oak Ave, New York"
TXN1001016,12799227.0,Karen Dubois,David Garcia,No,BRL,USD,Verified,Outer-transaction,7802.13,Agent Network,Critical,2025-05-05 21:53,34,UAE,UAE,"400 Maple Dr, Paris"
TXN1001017,69599673.0,  CARLOS JOHNSON ,Robert Gonzalez,No,SGD,AUD,Pending,Inter-transaction,2108.8,Web Portal,Low,2025-05-27 04:42,54,France,Germany,"3110 Maple Dr, Sydney"
TXN1001018,71717603.0,Jean-Pierre Khan,Sarah Malik,0,CAD,USD,Non-KYC,inter-transaction,7689.13,Mobile App,High,2025-08-26 03:58,42,Germany,France,"2606 Oak Ave, Dubai"
TXN1001019,53973507.0,Karen Hernandez,Richard Anderson,No,CHF,USD,Non-KYC,inter-transaction,6788.15,Web Portal,Medium,2024-04-03 03:02,44,Australia,Brazil,"5780 Maple Dr, London"
TXN1001020,53239383.0,Sanjay Moore,Priya Silva,No,aud,INR,,INTERNAL,9005.41,ATM,Medium,2020-11-21 23:54,74,UK,Germany,"8847 Main St, Mumbai"
TXN1001021,33734184.0,Carlos Brown,Susan Velez,No,,AUD,Non-KYC,inter-transaction,11275.35,Web Portal,Low,2022-09-21 16:38,48,UAE,France,"3761 View Rd, London"
TXN1001022,66101245.0,Patricia Velez,Christopher Johnson,No,INR,ZAR,KYC,Inter-transaction,881.44,Mobile App,Medium,2021-09-04 03:54,23,UAE,Germany,"7167 Maple Dr, London"
TXN1001023,18588637.0,Charles Al-Sayed,Susan Lopez,1,AED,USD,Verified,inter-transaction,10907.08,Web Portal,Medium,2021-08-18 12:11,57,Brazil,South Africa,"1580 Broadway, Paris"
TXN1001024,48872850.0,Thomas Al-Sayed,Barbara Khan,No,USD,BRL,KYC,Inter-transaction,10054.5,ATM,Critical,2022-07-09 00:20,29,Brazil,France,"3376 Broadway, New York"
TXN1001025,13557133.0,Lucas Jackson,,No,BRL,ZAR,KYC,Outer-transaction,1989.36,Mobile App,Low,2022-04-21 18:20,70,India,South Africa,"6547 Maple Dr, London"
TXN1001026,55003155.0,Elizabeth Jones,Michael Miller,No,EUR,JPY,,inter-transaction,9710.35,Branch Counter,Critical,2023-05-10 19:17,27,France,UK,"1399 Pine Rd, Dubai"
TXN1001027,42862031.0,Thomas Khan,Richard Dubois,0,CHF,JPY,Non-KYC,inter-transaction,6565.93,Agent Network,Critical,2020-12-09 10:51,62,France,Australia,"5094 Broadway, Sydney"
TXN1001028,37072445.0,Lucas Velez,Sarah Wilson,No,EUR,CAD,,Inter-transaction,12219.73,Branch Counter,Medium,2025-02-19 02:48,34,France,South Africa,"7589 Maple Dr, Dubai"
TXN1001029,29394450.0,Sarah Garcia,David Hernandez,1,INR,INR,Pending,outer-transaction,14661.64,Branch Counter,Critical,2022-05-08 11:31,43,India,India,"2931 Pine Rd, London"
TXN1001030,12909870.0,Barbara Wilson,Sanjay Jones,No,AUD,CHF,KYC,Outer-transaction,12278.17,Mobile App,Critical,2023-11-24 09:39,79,USA,Germany,"1632 View Rd, Dubai"
TXN1001031,69169839.0,Christopher Dubois,William Rodriguez,No,aed,GBP,KYC,Outer-transaction,2218.69,Web Portal,High,2021-03-20 14:04,63,UAE,UAE,"2096 Maple Dr, Dubai"
TXN1001032,56290206.0,  SARAH AL-SAYED , christopher anderson   ,Y,GBP,CAD,Non-KYC,EXTERNAL,9168.35,Web Portal,Low,2024-11-23 03:57,81,UK,Canada,"3189 Maple Dr, Sydney"
TXN1001033,30946019.0,Elena Johnson,Priya Jackson,No,aed,CAD,Unverified,Outer-transaction,6110.87,Web Portal,Medium,2020-08-09 20:51,19,Germany,France,"5465 View Rd, Mumbai"
TXN1001034,16578058.0,Carlos Volkov,Fatima Velez,No,JPY,AED,Non-KYC,outer-transaction,12738.24,Agent Network,Critical,2021-08-14 18:52,71,UAE,Brazil,"3222 Broadway, Toronto"
TXN1001035,37762332.0,Joseph Smith, zayn hernandez   ,No,AED,CHF,Verified,outer-transaction,4206.18,Mobile App,Low,2022-10-27 03:14,82,Brazil,UAE,"1897 Maple Dr, Toronto"
TXN1001036,97655433.0,Carlos Malik,John Williams,No,CAD,AED,,EXTERNAL,909.62,Mobile App,Medium,2023-07-19 16:43,68,Canada,India,"6600 Broadway, Toronto"
TXN1001037,42479386.0,Robert Lopez,Joseph Gonzalez,Y,CAD,EUR,Pending,EXTERNAL,3266.45,Branch Counter,Critical,2022-10-14 02:09,70,Australia,South Africa,"6766 Broadway, Toronto"
TXN1001038,61195094.0,  BARBARA ANDERSON ,Patricia Thomas,N,SGD,JPY,,Inter-transaction,6077.93,Agent Network,Medium,2025-08-25 14:41,53,India,Australia,"634 Cedar Ln, Mumbai"
TXN1001039,66692915.0,Patricia Williams,Christopher Jackson,No,AUD,SGD,KYC,outer-transaction,13048.08,Branch Counter,Low,2023-12-18 23:22,43,South Africa,UK,"1132 Broadway, Toronto"
TXN1001040,30126105.0,Karen Lopez,Elizabeth Lopez,1,INR,CHF,,Outer-transaction,1423.02,ATM,High,2025-08-07 17:00,46,Canada,Canada,"6185 Main St, London"
TXN1001041,10577198.0,Amir Malik,Jean-Pierre Miller,No,JPY,CAD,Pending,INTERNAL,12168.67,Web Portal,High,2021-06-07 02:52,38,Germany,USA,"4600 Cedar Ln, New York"
TXN1001042,50241725.0,Jessica Brown,Elizabeth Smith,N,SGD,INR,,Inter-transaction,9587.24,Web Portal,Medium,2025-08-30 11:00,28,France,UAE,"4617 Oak Ave, Mumbai"
TXN1001043,52820746.0,Michael Rostova,Fatima Thomas,No,aud,inr,KYC,Outer-transaction,10747.76,Branch Counter,Medium,2026-03-25 02:02,57,Brazil,Australia,"8838 Broadway, Dubai"
TXN1001044,98881010.0,Thomas Thomas,Patricia Dubois,No,BRL,AUD,,INTERNAL,6523.19,ATM,Critical,2024-12-13 04:18,28,Brazil,USA,"7770 View Rd, London"
TXN1001045,45703830.0,John Smith,Nancy Rostova,No,GBP,AED,,INTERNAL,3012.36,Web Portal,Medium,2023-08-04 00:35,53,Brazil,Canada,"3823 View Rd, Sydney"
TXN1001046,74188387.0,Marta Davis, jessica johnson   ,N,CAD,SGD,,Inter-transaction,667.4,ATM,Medium,2023-07-30 03:48,76,France,Brazil,"3409 Oak Ave, New York"
TXN1001047,72911386.0,Priya Hernandez,Nancy Anderson,Y,INR,INR,Pending,Outer-transaction,1625.88,Agent Network,Critical,2026-09-17 13:49,56,South Africa,Brazil,"6765 Oak Ave, New York"
TXN1001048,61987708.0,Zayn Martinez,Marta Khan,No,GBP,USD,,outer-transaction,6355.01,Web Portal,Medium,2022-12-25 00:21,71,India,Germany,"9254 View Rd, Paris"
TXN1001049,48936328.0,  JOHN JOHNSON ,Lucas Johnson,No,BRL,ZAR,,outer-transaction,11850.76,Branch Counter,Low,2024-07-30 15:02,72,Canada,Canada,"982 Main St, Sydney"
TXN1001050,17653101.0,Carlos Nair,Elena Al-Sayed,No,INR,CAD,Non-KYC,Inter-transaction,1350.24,Mobile App,Low,2021-03-12 22:20,41,France,Canada,"9162 Maple Dr, London"
TXN1001051,51570260.0,Zayn Khan,Karen Johnson,No,ZAR,inr,Non-KYC,INTERNAL,10247.31,Agent Network,Medium,2022-04-08 08:22,39,Germany,USA,"9157 Oak Ave, Mumbai"
TXN1001052,96261359.0,John Taylor,Lucas Silva,No,GBP,ZAR,Verified,outer-transaction,13413.0,Branch Counter,Critical,2020-09-15 03:20,73,India,Australia,"7388 Maple Dr, London"
TXN1001053,83615758.0,William Velez,Jean-Pierre Al-Sayed,No,CHF,AUD,KYC,INTERNAL,8772.1,Mobile App,High,2025-06-26 04:42,50,Germany,France,"2344 Pine Rd, London"
TXN1001054,23937948.0,Joseph Silva,Sarah Wilson,No,EUR,JPY,Non-KYC,outer-transaction,13903.29,ATM,High,2025-06-12 20:25,53,India,USA,"3183 Main St, London"
TXN1001055,31329251.0,Linda Wilson,Jessica Wilson,No,brl,JPY,Unverified,inter-transaction,2543.43,Agent Network,Low,2020-04-12 08:57,37,South Africa,UK,"965 View Rd, Mumbai"
TXN1001056,74461050.0,Thomas Jones,Jessica Hernandez,TRUE,SGD,AUD,Pending,Inter-transaction,4763.15,Mobile App,High,2022-09-19 02:37,79,Australia,Brazil,"3618 Main St, Paris"
TXN1001057,28666346.0,Christopher Malik,Susan Malik,No,EUR,JPY,KYC,Inter-transaction,13096.83,Branch Counter,Low,2022-02-07 23:10,43,Germany,Brazil,"6895 Main St, London"
TXN1001058,75937854.0,Susan Nair,,No,ZAR,usd,Verified,EXTERNAL,207.76,Agent Network,Critical,2023-01-29 08:28,83,France,Germany,"2667 Oak Ave, Toronto"
TXN1001059,34314630.0,  LINDA DAVIS ,Zayn Miller,No,INR,EUR,Unverified,EXTERNAL,2941.53,Web Portal,High,2023-05-06 14:54,57,India,UK,"839 Oak Ave, Mumbai"
TXN1001060,95235819.0,Barbara Smith,Elena Silva,No,BRL,EUR,Verified,outer-transaction,10177.56,ATM,High,2026-03-23 02:00,34,Brazil,Brazil,"9427 Maple Dr, Mumbai"
TXN1001061,44143101.0,Richard Al-Sayed,Robert Rodriguez,No,AUD,JPY,,EXTERNAL,13089.99,Agent Network,Medium,2026-11-15 19:53,18,UAE,USA,"9165 Maple Dr, Mumbai"
TXN1001062,65900464.0,Amir Thomas,William Wilson,TRUE,AED,JPY,Pending,outer-transaction,78.59,Agent Network,High,2020-08-24 18:45,78,Brazil,UK,"5745 View Rd, London"
TXN1001063,50368134.0,Elizabeth Malik,Fatima Wilson,FALSE,BRL,cad,KYC,inter-transaction,14917.95,Mobile App,Medium,2023-02-18 16:21,60,USA,USA,"7224 View Rd, Mumbai"
TXN1001064,91001528.0,Jean-Pierre Miller,Christopher Johnson,No,SGD,INR,,inter-transaction,10007.65,Mobile App,Medium,2026-12-28 13:48,59,Australia,France,"2383 Oak Ave, Dubai"
TXN1001065,95365934.0,John Martinez,Richard Smith,No,JPY,EUR,Verified,EXTERNAL,10303.1,Web Portal,Medium,2022-02-05 13:43,42,Australia,France,"7098 Broadway, New York"
TXN1001066,42078118.0,Marta Lopez,Christopher Smith,No,GBP,AUD,,outer-transaction,13592.6,Branch Counter,Low,2022-09-17 15:32,56,Brazil,Brazil,"5513 View Rd, Mumbai"
TXN1001067,20770572.0,David Nair,Jean-Pierre Wilson,TRUE,CHF,ZAR,Verified,inter-transaction,12433.67,Branch Counter,Medium,2024-10-25 12:37,52,Canada,Brazil,"2703 Oak Ave, Paris"
TXN1001068,43212275.0,Thomas Rodriguez,Joseph Brown,FALSE,GBP,EUR,,Outer-transaction,11418.15,Branch Counter,Low,2026-05-09 16:11,20,South Africa,Australia,"9761 Oak Ave, Dubai"
TXN1001069,89075105.0,Nancy Souza,Mary Wilson,No,EUR,CHF,Verified,Inter-transaction,6543.04,ATM,Low,2026-03-29 22:50,61,Germany,France,"1780 Pine Rd, London"
TXN1001070,66206761.0,Thomas Davis,Marta Silva,No,GBP,INR,KYC,inter-transaction,7536.21,Mobile App,High,2021-05-10 05:38,68,France,UAE,"9211 Pine Rd, London"
TXN1001071,33582622.0,Lucas Al-Sayed,Elizabeth Brown,No,GBP,SGD,KYC,EXTERNAL,4975.22,Agent Network,Low,2022-11-13 00:32,29,Australia,UAE,"8184 View Rd, Mumbai"
TXN1001072,92548875.0,Susan Davis,Priya Silva,No,USD,ZAR,,Inter-transaction,4817.19,ATM,Medium,2024-09-22 04:05,36,Brazil,Germany,"6300 View Rd, Paris"
TXN1001073,38672861.0,Zayn Garcia,Charles Brown,N,GBP,ZAR,Non-KYC,Outer-transaction,1478.27,Agent Network,Medium,2026-12-24 15:30,61,Brazil,France,"2107 Main St, Toronto"
TXN1001074,,Susan Jones,,No,SGD,USD,KYC,inter-transaction,12952.2,Mobile App,High,2025-09-03 15:45,76,South Africa,USA,"8219 Maple Dr, New York"
TXN1001075,42753932.0,Karen Thomas,Karen Martin,No,INR,BRL,Unverified,outer-transaction,11420.87,Mobile App,Medium,2026-05-24 00:12,66,South Africa,USA,"855 Maple Dr, London"
TXN1001076,49942852.0,Sanjay Williams,Karen Rostova,Yes,,aud,Non-KYC,outer-transaction,2596.12,Mobile App,High,2020-12-03 19:09,78,UK,India,"2430 Oak Ave, Dubai"
TXN1001077,98252710.0,Karen Garcia,Susan Silva,No,USD,jpy,KYC,EXTERNAL,11698.23,ATM,Medium,2025-04-21 23:09,34,UK,UK,"1116 Maple Dr, London"
TXN1001078,61053150.0,  NANCY SMITH ,Thomas Al-Sayed,No,BRL,AED,KYC,inter-transaction,10484.25,Mobile App,Low,2024-12-22 08:30,74,Canada,South Africa,"8316 Pine Rd, Paris"
TXN1001079,81555890.0,Amir Martin,Richard Brown,No,SGD,USD,Pending,inter-transaction,11980.23,Branch Counter,High,2020-05-16 12:02,72,Canada,UAE,"837 Main St, Sydney"
TXN1001080,70870360.0,Jessica Thomas,Robert Davis,No,BRL,ZAR,Unverified,Outer-transaction,8773.97,ATM,Low,2026-12-30 17:51,64,USA,Brazil,"331 View Rd, Paris"
TXN1001081,76359778.0,William Anderson,Patricia Miller,No,JPY,,,EXTERNAL,11423.76,Branch Counter,Critical,2026-03-24 01:48,29,Canada,Germany,"6018 Broadway, New York"
TXN1001082,,Robert Silva,Thomas Wilson,N,ZAR,AED,Pending,outer-transaction,14855.35,ATM,Medium,2020-11-15 18:22,79,India,South Africa,"6501 Oak Ave, Paris"
TXN1001083,74832029.0,Priya Smith,William Gonzalez,No,inr,USD,Unverified,EXTERNAL,3412.93,Mobile App,High,2025-02-06 12:31,25,South Africa,Canada,"7172 Cedar Ln, London"
TXN1001084,17737798.0,Joseph Hernandez,Nancy Davis,No,usd,AED,Unverified,Outer-transaction,1932.95,Web Portal,High,2022-07-04 12:32,38,France,Germany,"8887 Pine Rd, Toronto"
TXN1001085,97510445.0,Mary Malik,Amir Thomas,No,SGD,JPY,Unverified,inter-transaction,8728.71,ATM,Low,2023-04-20 01:32,42,India,Canada,"7264 View Rd, London"
TXN1001086,66037099.0,Susan Taylor,Fatima Brown,No,JPY,ZAR,,EXTERNAL,12813.8,Branch Counter,Critical,2025-03-12 23:04,29,Germany,France,"8033 Cedar Ln, Dubai"
TXN1001087,33891892.0,Fatima Malik,Jean-Pierre Wilson,No,CHF,AED,Non-KYC,INTERNAL,12795.65,Agent Network,Low,2025-11-03 23:02,32,Brazil,Canada,"408 Oak Ave, Paris"
TXN1001088,76270221.0,Susan Miller,Lucas Velez,No,EUR,AUD,Non-KYC,Inter-transaction,7058.39,Agent Network,High,2022-07-14 06:23,76,Canada,Canada,"8727 Main St, Toronto"
TXN1001089,90715400.0,Susan Al-Sayed,Barbara Lopez,No,CAD,JPY,Pending,INTERNAL,8226.9,Mobile App,Medium,2025-10-01 21:44,43,Brazil,Australia,"293 Oak Ave, London"
TXN1001090,68780031.0,Lucas Rodriguez,Robert Khan,No,BRL,gbp,Verified,outer-transaction,13016.02,Web Portal,Low,2023-06-12 22:29,43,Australia,Australia,"3335 Main St, Paris"
TXN1001091,44656091.0,  PATRICIA KHAN ,William Al-Sayed,N,AED,CAD,Unverified,INTERNAL,6005.14,Branch Counter,Low,2025-06-05 17:31,64,USA,Australia,"4720 Main St, Sydney"
TXN1001092,14309791.0,Karen Al-Sayed,Nancy Martin,Y,BRL,EUR,KYC,outer-transaction,6012.9,Mobile App,Low,2021-03-08 23:52,49,Australia,France,"6453 Cedar Ln, Dubai"
TXN1001093,40381915.0,Elena Martinez,John Rostova,0,,GBP,Pending,INTERNAL,13194.59,Web Portal,Low,2022-09-25 06:32,27,USA,South Africa,"9245 Broadway, Toronto"
TXN1001094,23405403.0,Sanjay Silva,Barbara Martinez,No,AED,JPY,Verified,Outer-transaction,12129.56,Branch Counter,Low,2025-11-17 04:48,33,UK,Germany,"3481 Main St, Sydney"
TXN1001095,55145882.0,Jessica Rodriguez, john martin   ,N,AED,EUR,Non-KYC,outer-transaction,593.58,Branch Counter,Medium,2022-09-16 07:14,34,Brazil,Germany,"4987 Oak Ave, Mumbai"
TXN1001096,19475654.0,  JOHN NAIR ,William Hernandez,No,CHF,AED,Non-KYC,outer-transaction,5739.64,ATM,Critical,2021-08-21 19:03,40,USA,Brazil,"2027 Oak Ave, New York"
TXN1001097,18781194.0,Sanjay Khan,Karen Silva,N,chf,ZAR,,EXTERNAL,12881.34,Branch Counter,Low,2026-09-16 01:04,43,UAE,Australia,"104 Oak Ave, Dubai"
TXN1001098,82316237.0,Nancy Davis,Elizabeth Rodriguez,No,CAD,EUR,KYC,INTERNAL,6525.52,Branch Counter,High,2021-01-30 00:56,24,India,France,"9654 Cedar Ln, Toronto"
TXN1001099,70366677.0,David Miller,Richard Khan,N,CHF,CAD,Pending,inter-transaction,9135.59,ATM,Low,2021-02-18 04:37,31,USA,Brazil,"6333 Pine Rd, London"
TXN1001100,73125832.0,Joseph Hernandez,Mary Rodriguez,No,JPY,JPY,Pending,INTERNAL,14243.6,Web Portal,High,2022-07-27 01:57,24,USA,UK,"9565 Broadway, Sydney"
TXN1001101,92046026.0,Christopher Rodriguez,Thomas Smith,No,EUR,sgd,Pending,Inter-transaction,1284.2,Branch Counter,Critical,2024-06-24 00:03,26,India,Brazil,"1231 Maple Dr, London"
TXN1001102,70133687.0,Patricia Hernandez,Joseph Thomas,N,AUD,AUD,KYC,EXTERNAL,1447.87,ATM,High,2026-11-15 06:53,65,Brazil,South Africa,"5192 Broadway, London"
TXN1001103,95853878.0,Jessica Jackson,Charles Hernandez,No,AED,CAD,Pending,Outer-transaction,7272.24,Branch Counter,Low,2021-06-24 00:32,76,Brazil,UAE,"3259 Maple Dr, Paris"
TXN1001104,88896855.0,Linda Volkov,Richard Silva,No,AED,USD,Verified,EXTERNAL,14984.89,ATM,Medium,2024-07-07 07:19,56,India,Canada,"8545 Maple Dr, New York"
TXN1001105,42815403.0,  JEAN-PIERRE AL-SAYED ,Jessica Malik,No,USD,ZAR,,Inter-transaction,12753.81,Web Portal,Critical,2025-04-29 15:20,35,Australia,Australia,"3144 Cedar Ln, Mumbai"
TXN1001106,59509360.0,Michael Souza,Zayn Volkov,Yes,SGD,cad,Non-KYC,Inter-transaction,14180.86,ATM,Medium,2020-03-24 12:54,76,UAE,UAE,"2992 Main St, Mumbai"
TXN1001107,42830348.0,Elizabeth Brown,Karen Williams,No,GBP,INR,KYC,outer-transaction,13243.1,Mobile App,Critical,2020-09-27 23:25,34,France,Brazil,"754 Oak Ave, Paris"
TXN1001108,62668823.0,Thomas Moore,Richard Rostova,No,CHF,JPY,Verified,INTERNAL,4096.5,Branch Counter,Medium,2026-04-10 22:17,31,Germany,France,"1898 Maple Dr, Toronto"
TXN1001109,13690499.0,  JEAN-PIERRE SILVA ,Elizabeth Thomas,No,AUD,JPY,Unverified,outer-transaction,5326.83,Branch Counter,Critical,2021-01-22 19:41,48,UAE,Canada,"8546 Broadway, Sydney"
TXN1001110,88968417.0,Mary Silva,Mary Nair,Yes,CHF,AED,Non-KYC,EXTERNAL,4364.67,Branch Counter,High,2020-08-01 11:00,41,Brazil,Germany,"1976 View Rd, New York"
TXN1001111,27466246.0,Jessica Wilson,Mary Nair,No,ZAR,USD,KYC,Inter-transaction,908.35,Web Portal,High,2020-02-28 09:08,77,France,USA,"6254 Maple Dr, London"
TXN1001112,20784367.0,Robert Moore,Patricia Velez,Y,JPY,INR,,inter-transaction,7061.05,ATM,Low,2024-06-13 02:59,62,UK,Canada,"4616 Broadway, Mumbai"
TXN1001113,63673036.0,Marta Nair,,N,JPY,GBP,Pending,INTERNAL,5630.16,Agent Network,Low,2022-04-22 18:25,20,Canada,South Africa,"6072 Cedar Ln, Mumbai"
TXN1001114,48355754.0,  ZAYN SMITH , richard rodriguez   ,N,ZAR,INR,KYC,Outer-transaction,13136.3,Agent Network,Critical,2024-03-07 08:41,54,USA,South Africa,"1108 Pine Rd, Paris"
TXN1001115,77154863.0,Richard Garcia,David Anderson,No,aed,GBP,,EXTERNAL,2505.59,Web Portal,Critical,2024-09-25 18:15,60,India,Brazil,"2608 Broadway, Toronto"
TXN1001116,76692866.0,Sarah Martinez,Patricia Miller,No,inr,cad,Verified,outer-transaction,11588.97,Agent Network,Low,2020-05-02 23:49,57,India,UK,"7411 View Rd, Mumbai"
TXN1001117,54005745.0,Richard Volkov,Nancy Silva,No,CHF,JPY,Pending,outer-transaction,4961.08,Agent Network,Low,2023-12-07 13:02,72,USA,South Africa,"8546 Maple Dr, Paris"
TXN1001118,81470064.0,Jean-Pierre Jackson,Robert Moore,Y,usd,BRL,Non-KYC,inter-transaction,1915.76,Agent Network,Medium,2023-03-08 01:32,56,Canada,South Africa,"7064 Oak Ave, New York"
TXN1001119,16982290.0,Amir Jackson,Fatima Souza,No,EUR,JPY,,outer-transaction,1330.93,Web Portal,Low,2026-10-22 17:23,32,Germany,France,"8175 Oak Ave, Mumbai"
TXN1001120,51246696.0,Barbara Smith,Thomas Anderson,No,ZAR,BRL,Pending,inter-transaction,9958.02,Branch Counter,High,2021-07-15 08:12,21,Canada,Brazil,"8547 Main St, Sydney"
TXN1001121,84942046.0,  FATIMA GARCIA ,Nancy Jackson,No,AUD,CHF,KYC,INTERNAL,13761.24,Mobile App,Low,2025-12-05 01:06,42,France,Canada,"7788 Maple Dr, Mumbai"
TXN1001122,80657083.0,Sanjay Jones,Linda Velez,No,BRL,EUR,KYC,EXTERNAL,12160.18,Branch Counter,Critical,2024-10-03 15:20,30,Canada,UK,"2903 View Rd, Sydney"
TXN1001123,46371670.0,Sarah Jackson,Lucas Souza,Yes,brl,USD,,inter-transaction,7389.23,Web Portal,Critical,2022-06-23 18:24,50,France,UAE,"198 Cedar Ln, London"
TXN1001124,55580382.0,Nancy Thomas,Fatima Jones,No,INR,JPY,,Inter-transaction,4974.43,Agent Network,Low,2021-01-29 14:21,33,Canada,USA,"977 Oak Ave, Mumbai"
TXN1001125,34418079.0,David Smith,Jessica Silva,No,AED,SGD,KYC,EXTERNAL,8697.78,Branch Counter,Low,2024-09-22 10:32,59,Germany,Australia,"2765 Cedar Ln, London"
TXN1001126,54188355.0,Sanjay Khan,Susan Wilson,N,INR,JPY,Verified,outer-transaction,10461.88,Agent Network,Medium,2024-09-12 20:38,83,Germany,Germany,"2737 Pine Rd, London"
TXN1001127,21835886.0,Patricia Silva,Fatima Malik,No,AUD,USD,KYC,INTERNAL,9234.83,Web Portal,Low,2022-07-23 19:07,72,Brazil,South Africa,"8713 Maple Dr, Mumbai"
TXN1001128,43003049.0,Karen Garcia, elena jackson   ,No,EUR,CHF,Verified,Outer-transaction,4621.31,Web Portal,Medium,2023-01-06 09:36,59,USA,Brazil,"644 Broadway, New York"
TXN1001129,62860739.0,Sarah Smith,Lucas Moore,No,JPY,JPY,Unverified,EXTERNAL,9915.83,Agent Network,Medium,2023-12-06 08:24,51,Germany,Australia,"1323 Cedar Ln, Toronto"
TXN1001130,10216145.0,Jean-Pierre Dubois,Patricia Taylor,No,INR,CAD,Verified,EXTERNAL,14132.4,ATM,Critical,2020-03-15 00:01,47,France,Germany,"6620 Broadway, Dubai"
TXN1001131,46077835.0,Fatima Rodriguez,Christopher Hernandez,N,SGD,CAD,Verified,EXTERNAL,11811.5,Branch Counter,Medium,2020-10-21 18:45,30,Germany,Germany,"2546 Cedar Ln, Mumbai"
TXN1001132,95377710.0,Barbara Taylor,Joseph Velez,Y,GBP,AUD,Pending,outer-transaction,6371.77,Branch Counter,Medium,2020-01-21 19:41,30,Brazil,UAE,"3766 View Rd, Toronto"
TXN1001133,92057677.0,Joseph Anderson,Charles Martin,No,BRL,USD,Non-KYC,Inter-transaction,12527.7,ATM,Medium,2022-11-04 08:41,35,India,UAE,"2669 Maple Dr, Dubai"
TXN1001134,,  DAVID DUBOIS ,Karen Silva,Yes,AED,ZAR,Verified,outer-transaction,9827.05,Mobile App,Low,2023-05-19 05:16,49,France,UAE,"4085 Maple Dr, New York"
TXN1001135,39416977.0,Thomas Al-Sayed,Elizabeth Lopez,N,JPY,AUD,Unverified,Inter-transaction,5182.3,Agent Network,Medium,2021-07-13 05:03,56,Brazil,India,"4410 Maple Dr, London"
TXN1001136,28493340.0,Sarah Jones,Mary Nair,No,INR,AUD,,Outer-transaction,10661.85,Branch Counter,Critical,2023-01-14 19:02,63,Australia,India,"9735 Cedar Ln, Toronto"
TXN1001137,57971671.0,Richard Al-Sayed,Carlos Malik,N,ZAR,INR,Pending,Outer-transaction,1349.22,Web Portal,Critical,2023-03-18 22:50,46,Australia,Germany,"672 Cedar Ln, London"
TXN1001138,10339260.0,Thomas Moore,Nancy Dubois,N,SGD,CAD,Pending,Inter-transaction,6846.71,Branch Counter,High,2021-01-06 17:25,79,UK,UAE,"7182 Pine Rd, Dubai"
TXN1001139,23463414.0,Jessica Souza,David Martin,No,JPY,ZAR,Unverified,outer-transaction,6521.25,ATM,High,2025-07-20 23:35,79,Canada,France,"8517 Main St, Dubai"
TXN1001140,51059566.0,Elizabeth Dubois,Jessica Moore,No,SGD,EUR,Pending,inter-transaction,11517.55,Mobile App,Critical,2022-03-28 07:16,74,USA,South Africa,"9063 Cedar Ln, New York"
TXN1001141,99119251.0,Mary Brown,Patricia Hernandez,No,SGD,SGD,,inter-transaction,10416.57,ATM,Medium,2023-03-20 04:44,33,South Africa,Australia,"7522 Cedar Ln, London"
TXN1001142,95077934.0,Sarah Martinez,Patricia Gonzalez,No,ZAR,CAD,Verified,inter-transaction,5249.28,Mobile App,High,2023-03-10 00:26,73,UAE,Australia,"3507 Maple Dr, Sydney"
TXN1001143,81256600.0,Jean-Pierre Souza,David Nair,No,INR,AUD,Unverified,Inter-transaction,4515.74,ATM,Low,2022-12-28 12:03,27,Brazil,India,"9157 Oak Ave, New York"
TXN1001144,89170637.0,Sarah Al-Sayed, lucas silva   ,N,INR,AED,,Outer-transaction,7494.71,Branch Counter,High,2023-07-07 21:25,47,India,Germany,"7434 Oak Ave, New York"
TXN1001145,14192932.0,Marta Malik, mary dubois   ,No,BRL,USD,Pending,outer-transaction,10513.93,Web Portal,High,2025-07-04 23:45,42,UAE,Brazil,"2515 Pine Rd, Toronto"
TXN1001146,99198749.0,Karen Dubois,Lucas Souza,No,SGD,AUD,Verified,EXTERNAL,11935.8,Agent Network,Critical,2022-04-25 02:36,22,India,Canada,"5051 Pine Rd, Dubai"
TXN1001147,56359602.0,Amir Brown,Jean-Pierre Miller,No,EUR,AED,Verified,INTERNAL,3408.4,ATM,Medium,2025-06-14 06:32,82,UAE,Canada,"5389 View Rd, Paris"
TXN1001148,79814700.0,John Miller,Elena Dubois,Y,ZAR,USD,,outer-transaction,12653.78,Agent Network,Medium,2021-06-04 22:11,66,Brazil,India,"7357 Main St, Dubai"
TXN1001149,73199846.0,Lucas Jackson,David Rostova,N,EUR,GBP,KYC,Outer-transaction,10086.56,Web Portal,Medium,2021-01-05 10:23,20,South Africa,Brazil,"6537 Broadway, Dubai"
TXN1001150,96155859.0,Karen Jackson,Lucas Jones,N,CHF,AED,Verified,outer-transaction,13721.56,Web Portal,Medium,2023-12-13 07:31,62,UAE,India,"8724 Pine Rd, New York"
TXN1000702,32327365.0,Nancy Martin,Mary Anderson,Yes,EUR,AUD,,EXTERNAL,14177.84,Mobile App,High,2020-04-10 05:59,31,Brazil,Canada,"935 Broadway, Paris"
TXN1000175,57365168.0,Amir Malik,Susan Thomas,N,CHF,USD,Non-KYC,Outer-transaction,2811.72,Branch Counter,Low,2021-10-22 21:33,47,Germany,Brazil,"9189 Main St, Paris"
TXN1000438,73317523.0,Nancy Velez,Linda Jackson,Yes,JPY,ZAR,Pending,outer-transaction,1022.87,Mobile App,Medium,2024-08-08 18:51,85,South Africa,UAE,"2529 Broadway, Paris"
TXN1000783,41717630.0,  JOHN THOMAS ,Marta Hernandez,No,JPY,AED,Non-KYC,outer-transaction,2625.98,Mobile App,High,2020-08-30 19:55,35,France,Germany,"9218 Broadway, Toronto"
TXN1000922,71242137.0,Mary Nair,Jean-Pierre Silva,No,AUD,INR,Unverified,EXTERNAL,9767.9,Branch Counter,High,2021-05-26 13:32,79,India,Australia,"6030 Oak Ave, Paris"
TXN1000385,29882943.0,Carlos Rodriguez,Priya Jones,No,USD,ZAR,,INTERNAL,14583.56,Branch Counter,Low,2026-03-23 09:15,54,Australia,France,"4884 Maple Dr, London"
TXN1001047,72911386.0,Priya Hernandez,Nancy Anderson,Y,INR,INR,Pending,Outer-transaction,1625.88,Agent Network,Critical,2024-03-21 03:26,42,Canada,UK,"3251 Main St, Paris"
TXN1000038,65026398.0,Zayn Nair,Michael Williams,No,AED,CAD,Pending,outer-transaction,14312.55,ATM,Low,2026-03-11 10:15,65,Australia,Germany,"5680 Broadway, Toronto"
TXN1000693,31684442.0,Lucas Gonzalez,Barbara Davis,1,CHF,CAD,,Inter-transaction,2715.1,ATM,Critical,2025-10-15 19:32,82,South Africa,UAE,"7719 View Rd, Sydney"
TXN1000296,76481027.0,Charles Nair,Sanjay Taylor,No,sgd,AUD,Verified,Outer-transaction,7851.15,Branch Counter,Low,2021-01-30 15:18,70,France,Canada,"3591 Pine Rd, Dubai"
TXN1000119,99399687.0,Fatima Velez,Fatima Garcia,No,BRL,GBP,,inter-transaction,2512.77,Web Portal,High,2021-09-03 20:21,32,India,UAE,"7097 Oak Ave, New York"
TXN1000423,24384568.0,Fatima Brown,Elizabeth Smith,Y,gbp,AED,KYC,inter-transaction,6477.79,Web Portal,Critical,2023-06-14 08:08,66,France,India,"9045 Broadway, Sydney"
TXN1001132,95377710.0,Barbara Taylor,Joseph Velez,Y,GBP,AUD,Pending,outer-transaction,6371.77,Branch Counter,Medium,2025-01-31 08:26,85,UAE,Brazil,"7060 Maple Dr, Paris"
TXN1001106,59509360.0,Michael Souza,Zayn Volkov,Yes,SGD,cad,Non-KYC,Inter-transaction,14180.86,ATM,Medium,2022-02-08 16:43,29,India,Australia,"5688 Maple Dr, Paris"
TXN1000206,15527388.0,Richard Moore,Christopher Jones,No,BRL,INR,Pending,INTERNAL,1360.34,ATM,High,2023-11-23 12:07,76,UAE,South Africa,"7311 Broadway, London"
